no,data1,case1
1,RS바이러스 감염증(RS virus infection),"기침, 코막힘, 가래, 청색증, 열, 콧물, 빈호흡"
2,WPW 증후군(Wolff-Parkinson-White syndrome),"무증상, 빈맥, 자율신경장애, 돌연사"
3,가습기 살균제 연관 폐질환(Humidifier disinfectant-associated lung injury),"기침, 호흡곤란, 폐동맥 고혈압, 심부전, 다발성 장기부전 증상"
4,객혈(Hemoptysis),"거품이 섞인 가래, 객혈, 가래"
5,결핵(Tuberculosis),"가래, 체중감소, 열, 기침, 객혈"
6,공기가슴증(기흉)(Pneumothorax),"가슴 통증, 호흡곤란"
7,과호흡 증후군(Hyperventilation syndrome),"흉부압박감, 불안, 의식 변화, 인지장애, 복부팽만감, 부정맥, 호흡곤란, 복부 통증, 가슴 두근거림"
8,규폐증(Silicosis),"가래, 운동 시 호흡곤란, 기침"
9,급성 관동맥 증후군(Acute Coronary Syndrome),"가슴 통증, 방사통, 호흡곤란, 오심, 어지러움"
10,급성 기관지염(Acute bronchitis),"천명음, 호흡곤란, 가래, 기침"
11,급성 류마티스성 열(Acute Rheumatic fever),"다발성 관절염, 빈맥, 열, 복부 통증, 발진, 비출혈, 결절"
12,급성 심근경색증(Acute myocardial infarction),"창백, 가슴 통증, 발한, 구토, 오심, 호흡곤란, 불안"
13,기관 협착(Stenosis of trachea),"사래걸림, 호흡곤란, 반복되는 폐렴"
14,기관지폐 형성이상(Bronchopulmonary dysplasia),"흉곽 팽윤, 호기의 증가, 고탄산증, 저산소증, 수유 곤란, 천식"
15,기관지확장증(Bronchiectasis),"객혈, 곤봉지, 체중감소, 빈혈, 기침, 천명음, 가래"
16,난원공 개존증(Patent Foramen Ovale),"피로감, 운동 시 호흡곤란"
17,낭종성 폐질환(Cystic Lung Disease),"기침, 호흡기감염, 객혈, 호흡곤란"
18,노카르디아증(Nocardiosis),"체중감소, 기침, 열, 객혈"
19,"농흉(Pyothorax, Empyema)","마찰음 , 기침, 가슴 답답, 호흡곤란, 빈맥, 흉부압박감, 화농성 객담, 가슴 통증, 빈호흡"
20,늑막염(Pleurisy),"가슴 통증, 오한, 기침, 권태감, 가래, 열, 호흡곤란, 가슴 답답"
21,단심실(Single ventricle),"심부전, 무산소 발작, 청색증"
22,대동맥 박리(Aortic dissection),"어깨의 통증, 복부 통증, 오심, 돌연사, 요관 폐쇄, 헛배, 구토, 실신, 저혈량 쇼크, 요통"
23,대동맥 협착(Aortic stenosis),"심부전, 실신, 가슴 통증, 운동 시 호흡곤란, 피로감, 무증상"
24,대동맥 협착증(Coarctation of aorta),"혈변, 고혈압, 폐동맥 고혈압, 수유 곤란, 호흡곤란, 무뇨, 운동 시 호흡곤란, 저림, 신부전, 쇼크, 하지의 근력약화, 발육부전"
25,대동맥궁 단절(Interrupted aortic arch),"저심박출량, 쇼크, 심인성 쇼크, 보챔, 심부전, 대사성 산증, 무뇨, 위장관의 허혈, 폐동맥 고혈압, 호흡곤란"
26,대동맥류(Aortic aneurysm),"복부 통증, 가슴 통증, 실신"
27,대동맥판막 기능부전(Aortic (valve) insufficiency),"가래, 자율신경장애, 가슴 통증, 무증상, 기침, 호흡곤란"
28,대동맥판막 협착(Aortic (valve) stenosis),"호흡곤란, 기침, 가래, 무증상, 자율신경장애, 가슴 통증"
29,대혈관 전위(Transposition of great artery),"청색증, 빈맥, 호흡곤란"
30,동기능 부전 증후군(Sick sinus syndrome),"가슴 두근거림, 자율신경장애, 호흡곤란, 어지러움, 가슴 통증"
31,동맥간증(Truncus arteriosus),"호흡곤란, 청색증, 수유 곤란, 발육부전"
32,동맥관 개존증(Patent ductus arteriosus),"발육부전, 심잡음, 무증상"
33,라임병(Lyme disease),"발진, 피로감, 수면장애, 오한, 안구혼탁, 관절통, 근육통, 두통, 열"
34,레지오넬라증(Legionella),"오한, 열, 오심, 기침, 설사, 콧물, 권태감, 구토, 목의 통증, 두통, 근육통"
35,만성 기관지염(Chronic bronchitis),"운동 시 호흡곤란, 객혈, 기침, 가래"
36,만성 기침(Chronic cough),"기침, 코막힘"
37,만성 폐쇄성 폐질환(Chronic obstructive pulmonary disease),"흉곽 팽윤, 운동 시 호흡곤란, 천명음, 곤봉지, 가래, 피로감, 기침, 호흡곤란"
38,만성 폐질환(Chronic lung disease),"기침, 객혈, 가래"
39,미만성 간질성 폐질환(Diffuse Interstitial lung disease),"체중감소, 호흡곤란, 곤봉지, 가래, 운동 시 호흡곤란, 기침, 열"
40,발살바동 동맥류 파열(Ruptured sinus of valsava aneurysm),"가슴 통증, 호흡곤란, 심인성 쇼크, 피로감, 가슴 두근거림, 무증상, 폐부종"
41,발육부전성 좌심 증후군(Hypoplastic left heart syndrome),"심부전, 창백, 호흡곤란, 축 늘어짐, 수유 곤란, 소변량 감소, 구토, 청색증, 보챔, 쇼크"
42,발작성 상심실성 빈맥(Paroxysmal Supraventricular Tachycardia),"호흡곤란, 가슴 두근거림, 어지러움"
43,발진티푸스(Epidemic typhus),"근육통, 두통, 열, 오한, 권태감"
44,방실 중격 결손(Atrioventricular septal defect),"빈맥, 심부전, 무증상, 심방 부정맥"
45,백일해(Pertussis),"결막염, 기침, 콧물, 구토"
46,병원 감염성 폐렴(Hospital acquired pneumonia (HAP)),"기침, 오한, 근육통, 가래, 열, 가슴 통증"
47,부르가다 증후군(Brugada Syndrome),"가슴 두근거림, 어지러움, 호흡곤란, 심실세동, 심실 부정맥, 돌연사, 실신"
48,부정맥(Cardiac arrhythmias),"어지러움, 가슴 두근거림, 실신"
49,불안정형 협심증(Unstable angina),"가슴 통증, 호흡곤란"
50,비소세포성 폐암(Non-small cell lung cancer),"객혈, 가슴 통증, 호흡곤란, 기침"
51,상기도 감염(Upper respiratory infections),"코막힘, 재채기, 콧물, 피로감, 목의 통증, 기침, 열, 두통"
52,상대정맥 증후군(Superior vena cava Syndrome),"경정맥 확장, 삼키기 곤란 , 청색증, 가슴 통증, 호흡곤란, 사지 부종, 기침"
53,서맥(Bradycardia),"어지러움, 자율신경장애"
54,선천성 심장 질환(Congenital heart disease),"발육부전, 운동 시 호흡곤란, 급성 신부전, 청색증, 피로감, 수유 곤란, 호흡곤란"
55,성인 호흡곤란 증후군(Adult respiratory distress syndrome),"천명음, 의식 저하, 청색증, 호흡곤란"
56,소세포성 폐암(Small cell lung cancer),"객혈, 천명음, 기침"
57,속립성 결핵(Miliary tuberculosis),"식욕부진, 가래, 체중감소, 객혈, 기침, 열"
58,쇄골 골절(Clavicle Fracture),"팔의 통증, 환부 부종, 손상 부위 통증"
59,수면 무호흡증(Sleep apnea),"수면 무호흡, 피부 긴장도 저하, 몽유병, 불면증, 발기부전"
60,수정대혈관 전위(Corrected TGA),"발한, 청색증, 수유 곤란, 발육부전, 가슴 두근거림, 빈맥, 호흡곤란"
61,승모판 기능부전(Mitral (valve) insufficiency),"기침, 가래, 호흡곤란"
62,승모판 협착(Mitral (valve) stenosis),"운동 시 호흡곤란, 기침, 가슴 통증, 가래, 호흡곤란"
63,식도의 평활근종(Leiomyoma of esophagus),"구토, 삼키기 곤란 , 소화불량, 토혈, 위장관 출혈"
64,식도이완불능증(Esophageal Achalasia),"잦은 딸꾹질, 체중감소, 가슴 통증, 삼키기 곤란 , 트림"
65,신생아 가사(Neonatal asphyxia),"다발성 장기부전 증상, 무호흡"
66,신생아 호흡곤란증후군(Neonatal respiratory distress syndrome),"청색증, 호흡곤란, 함몰가슴"
67,신종 플루(Novel swine-origin influenza A(H1N1)),"설사, 구토, 근육통, 목의 통증, 두통, 오한"
68,심계항진(Palpitations),"가슴 통증, 호흡곤란, 가슴 두근거림, 어지러움"
69,심근병증(Cardiomyopathy),"운동 시 호흡곤란, 피부 긴장도 저하, 말초부종, 복수, 가슴 두근거림"
70,심근염(Myocarditis),"감기 증상, 가슴 통증, 울혈성 심부전, 부정맥, 설사, 열, 피로감, 구토, 근육통"
71,심낭 삼출 (Pericardial effusion),"호흡곤란, 목소리 변화, 식욕부진, 빈맥, 기침"
72,심낭 압전(Cardiac tamponade),"부정맥, 호흡곤란, 심음 감소, 저혈압, 경정맥 확장"
73,심낭염(Pericarditis),"두통, 가슴 통증, 피로감, 쇼크, 저혈압, 호흡곤란, 열"
74,심내막염(Endocarditis),"오한, 두통, 식욕부진, 반점, 열, 호흡곤란, 저혈압"
75,심방 세동(Atrial fibrillation),"빈맥, 가슴 답답, 가슴 두근거림, 어지러움, 피로감, 실신, 호흡곤란"
76,심방 조동(Atrial Flutter),"빈맥, 가슴 두근거림, 호흡곤란, 어지러움, 가슴 통증"
77,심방 중격 결손(Atrial septal defect),"피부 긴장도 저하, 청색증, 심방 부정맥, 잦은 상기도 감염, 운동 시 호흡곤란, 심잡음"
78,심실 빈맥(Ventricular tachycardia),"빈맥, 실신, 호흡곤란, 가슴 두근거림"
79,심실 세동(Ventricular fibrillation),"호흡곤란, 빈맥, 실신, 가슴 두근거림"
80,심실 중격 결손(Ventricular septal defect),"수유 곤란, 호흡기감염, 심잡음, 반복되는 폐렴, 폐동맥 고혈압, 심부전"
81,심장 종양(Cardiac tumor),"돌연사, 무증상, 부정맥, 심부전"
82,심장 판막 질환(Valvular heart disease),"호흡곤란, 가슴 통증, 실신"
83,아스페르길루스증(Aspergillosis),"열, 호흡곤란, 오한, 천명음, 객혈"
84,악성 종격동 종양(Malignant mediastinal tumor),"기침, 열, 무증상, 가슴 통증"
85,악성 중피종(Malignant mesothelioma),"체중감소, 피로감, 호흡곤란, 가슴 통증, 방사통, 기침, 목소리 변화"
86,악성 흉막 삼출(Malignant pleural effusion),"불안, 가슴 통증, 기침, 호흡곤란"
87,양대혈관 우심실 기시증(Double outlet right ventricle),"운동 시 호흡곤란, 심부전, 발육부전, 무산소 발작, 청색증, 폐동맥 고혈압, 호흡곤란"
88,양방단실유입증(Double inlet ventricle),"수유 곤란, 발육부전, 무산소 발작, 호흡곤란, 심부전, 청색증"
89,양성 종격동 종양(Benign mediastinal tumor),"천명음, 호흡곤란, 삼키기 곤란 , 기침, 가슴 통증, 목소리 변화, 무증상"
90,엡스테인 심기형(Ebstein anomaly),"호흡곤란, 심부전, 발육부전, 청색증, 수유 곤란, 심잡음"
91,오래된 심근경색증(Old myocardial infarction),"가슴 답답, 빈맥, 방사통, 가슴 통증, 가슴 쓰림, 부정맥"
92,온전한 심실 중격을 가진 폐동맥 폐쇄(Pulmonary atresia with intact venticulr septum),"심방 부정맥, 복수, 간비대, 청색증, 전신 부종, 대사성 산증"
93,울혈성 심부전(Congestive heart failure),"청색증, 빈맥, 불면증, 두통, 호흡곤란, 야뇨증, 심부전, 울혈성 심부전, 소변량 감소"
94,위식도 역류성 질환(Gastro-esophagus reflux disease),"오심, 기침, 가슴 쓰림, 목소리 변화, 삼키기 곤란 , 가슴 통증, 방사통"
95,이물질에 의한 기도 막힘(Airway obstruction),"질식, 청색증, 의식 변화, 호흡곤란"
96,인플루엔자(Influenza),"구토, 설사, 열, 오한, 목의 통증, 두통, 근육통"
97,재발성 천명(Recurrent wheeze),천명음
98,저혈압(Hypotension),"자율신경장애, 무증상, 어지러움, 두통"
99,전도 장애(Conduction disorders),"실신, 가슴 두근거림, 무증상, 호흡곤란"
100,전폐정맥연결 이상(Total anomalous pulmonary venous connection),"청색증, 운동 시 호흡곤란, 잦은 상기도 감염, 발육부전, 수유 곤란, 빈호흡, 부정맥"
101,종격동염(Mediastinitis),"오한, 열, 가슴 통증, 호흡곤란, 삼키기 곤란 , 가슴 답답"
102,죽상경화증(Atherosclerosis),"가슴 통증, 말초의 허혈, 관련 장기의 일시적 기능장애, 저림, 말초 통증, 말초 신경장애, 무증상"
103,중동 호흡기 증후군(MERS)(Middle East Respiratory Syndrome),"급성 신부전, 기침, 호흡곤란, 열"
104,중증 급성 호흡기 증후군(Severe Acute Respiratory Syndrom),"오한, 근육통, 권태감, 두통, 호흡곤란, 열, 기침"
105,지역사회성 폐렴(Community acquired pneumonia),"감기 증상, 가슴 통증, 기침, 가래, 호흡곤란"
106,진폐증(Pneumoconiosis),"운동 시 호흡곤란, 기침, 검은색 가래"
107,처그 스트라우스 증후군(Churg strauss syndrome),"근육통, 감기 증상, 피로감, 체중감소, 천식, 호흡곤란, 기침, 열, 천명음, 무감각, 관절통, 점상 출혈, 저림, 식욕부진"
108,천식(Asthma),"천명음, 가래, 호흡곤란, 기침, 가슴 답답"
109,총동맥간증(Persistent truncus arteriosus),"호흡곤란, 심잡음, 청색증, 수유 곤란, 소변량 감소, 축 늘어짐"
110,타카야수 혈관염(Takayasu’s Arteritis),"열, 발한, 식욕부진, 체중감소"
111,타코츠보 심근증(Takotsubo cardiomyopathy),"호흡곤란, 가슴 통증, 오심"
112,탄저병(Anthrax),"열, 감기 증상, 물집, 복부 통증, 피부소양감"
113,태변 흡인 증후군(Meconium aspiration syndrome),"빈호흡, 호흡곤란, 근긴장의 이상, 저산소증, 청색증, 서맥"
114,특발성 폐섬유화증(Idiopathic pulmonary fibrosis),"기침, 운동 시 호흡곤란, 저산소증, 호흡곤란, 곤봉지"
115,팔로 사 징후(Tetralogy of Fallot with/without PA),"운동 시 호흡곤란, 호흡곤란, 심잡음, 청색증, 발육부전, 무산소 발작"
116,폐 농양(Abscess of lung),"체중감소, 기침, 호흡곤란, 열, 화농성 객담"
117,폐 전이(Lung Metastasis),"무증상, 객혈, 기침"
118,폐 혈전색전증(Pulmonary thromboembolism),"가슴 통증, 객혈, 발한, 실신, 불안, 빈맥, 기침, 호흡곤란, 폐색전"
119,폐결절(Pulmonary nodule),무증상
120,폐결핵(Pulmonary tuberculosis),"객혈, 기침, 가래, 체중감소, 열"
121,폐기종(Emphysema),"가래, 하지부종, 가슴 답답, 기침, 호흡곤란, 청색증"
122,폐렴(Pneumonia),"호흡곤란, 기침, 가래, 열, 오한, 흉수, 가슴 통증, 두통, 피로감"
123,폐렴간균에 의한 폐렴 (Klebsiella pneumoniae infection),"가슴 통증, 열, 객혈, 호흡곤란, 오한"
124,폐부종(Pulmonary edema),"청색증, 기침, 폐부종, 말초부종, 객혈"
125,폐성 고혈압(Pulmonary hypertension),"어지러움, 호흡곤란, 피로감, 무증상"
126,폐암(Lung cancer),"무증상, 객혈, 호흡곤란, 기침, 가슴 통증, 목소리 변화, 체중감소"
127,함몰 유두(Inverted nipple),함몰유두
128,허혈성 심질환(Ischemic heart disease),"방사통, 호흡곤란, 가슴 통증"
129,협심증(Angina pectoris),"가슴 쓰림, 방사통, 가슴 통증, 호흡곤란"
130,호흡성 산증(Respiratory Acidosis),"호흡곤란, 피부홍조, 온몸이 떨림, 발한, 불안, 두통, 의식 변화, 지남력 장애"
131,횡격막 탈장(Diaphragmatic hernia),"복벽이 움푹 들어감, 호흡곤란, 창백, 탈장, 청색증"
132,효모균증(Cryptococcosis),"피부궤양, 호흡곤란, 두통, 경부 강직, 열, 가슴 통증"
133,흉곽출구 증후군(Thoracic outlet syndrome),"저림, 가슴 통증, 팔의 통증"
134,흉막 삼출(Pleural effusion),"빈호흡, 호흡곤란, 폐기능저하, 기침, 가슴 통증"
135,흉부 대동맥류(Thoracic aortic Aneurysm),"어깨의 통증, 기침, 목 주변 부종, 목의 통증, 성대 이상, 요통"
136,흉선암(Thymus Cancer),"근력 약화, 어지러움, 삼키기 곤란 , 무증상, 두통, 기침, 가슴 통증, 호흡곤란"
137,흉통(Chest pain),가슴 통증
138,히스토플라즈마증(Histoplasmosis),"오한, 열, 가슴 통증, 호흡곤란, 기침"
139,PSA 상승(Elevated PSA),무증상
140,가진통(False labor),"비정상적인 진통, 불규칙적 진통"
141,간질성 방광염(Interstitial Cystitis),"빈뇨, 방광 팽만, 복부 통증, 야간뇨, 긴박뇨"
142,강직성 척추염(Ankylosing spondylitis),"엉덩이 통증, 요통, 어깨의 통증, 관절의 경직, 골반 통증, 말초 통증, 관절통"
143,계류 유산(Missed abortion),"복부 통증, 커지지 않는 자궁, 멍, 비정상적 질출혈, 비출혈, 유방의 퇴행, 체중감소"
144,고관절 이형성증(DDH (developmental dysplasia of the hip)),"오리걸음, 귀두가 울혈됨, 다리가 잘 안 벌어짐, 다리의 길이가 틀림"
145,골괴사(Osteonecrosis),"병적골절, 관절 운동성 감소, 환부 통증, 환부 부종"
146,골반 염증성 질환(Pelvic inflammatory disease),"열, 골반 통증, 복부 통증, 비정상적 질 분비물, 악취"
147,과다월경(Hypermenorrhea),"어지러움, 빈혈"
148,과립막 세포종(Granulosa cell tumor),"비정상적 질출혈, 덩어리가 만져짐, 무월경, 복수, 생식기 출혈, 복부 통증, 성조숙증"
149,급성 방광염(Acute cystitis),"배뇨곤란, 탁한 소변, 골반 통증, 긴박뇨, 빈뇨, 배뇨 시 통증, 작열감"
150,급성 신우신염(Acute pyelonephritis),"오심, 열, 오한, 요통, 잔뇨감, 두통, 구토, 배뇨 시 통증, 빈뇨, 근육통, 배뇨곤란"
151,난관수종(Hydrosalpinx),"희발월경, 불임, 골반 통증"
152,난산(Dystocia),비정상적인 진통
153,난소 낭종(Ovarian cysts),"비정상적 질출혈, 무증상, 복부 압박 증상, 복부 통증, 골반 통증, 생식기 출혈"
154,"난소, 난관 이상(Disorders of ovary, fallopian tube)","여드름, 생리불순, 불임"
155,난소암(Ovarian cancer),"복수, 복부 통증, 비정상적 질출혈, 무증상, 덩어리가 만져짐, 골반 통증, 요통, 생식기 출혈"
156,난소의 양성 종양(Benign ovary tumor),"배변장애, 무증상, 복부 통증, 빈뇨, 골반 통증, 복부팽만감, 요통"
157,다낭성 난소 증후군(Polycystic ovary syndrome),"희발월경, 비정상적 질출혈, 다모증, 불임, 여드름, 무월경, 소양감"
158,다태아(Multifetal pregnancy),오심
159,대장암(Colon cancer),"복부 통증, 잔변감, 혈변, 배변습관의 변화, 소화불량, 점액변, 흑색변"
160,대퇴 골절(Fracture of femur),"환부 부종, 다리변형, 손상 부위 통증, 다리의 길이가 틀림"
161,대퇴골두 무혈관성 괴사(AVN of hip(femoral head)),"골반 통증, 양반다리로 앉기힘듬"
162,만기 정상 분만(Normal full term spontaneous delivery),이슬
163,만성 전립선염(Chronic prostatitis),"배뇨곤란, 긴박뇨, 잔뇨감, 생식기 통증, 골반 통증"
164,면역글로불린 A 신병증(IgA nephropathy),"옆구리 통증, 혈뇨, 고혈압, 단백뇨, 전신 부종"
165,무월경(Amenorrhea),"복부 통증, 무월경, 불임, 갱년기 증상, 복부팽만감, 비정상적 질출혈"
166,무정자증(azoospermia),무증상
167,무증상 세균뇨(Asymptomatic bacteriuria),무증상
168,미세변화 신증후군(Minimal change nephrotic syndrome),"두통, 피로감, 단백뇨, 전신 부종"
169,방광소장 누공(Vesicointestinal fistula),"배변습관의 변화, 분뇨, 혈뇨"
170,방광암(Bladder cancer),"긴박뇨, 하지부종, 골반 통증, 배뇨 시 통증, 덩어리가 만져짐, 혈뇨, 옆구리 통증"
171,방광요관 역류(Vesicoureteral reflux),"무증상, 배뇨 시 통증, 빈뇨"
172,방광의 신경근육 기능 장애(Neuromuscular dysfunction of bladder),"소변이 샘, 배뇨 시 통증, 빈뇨, 배뇨곤란"
173,방광질 누공(Vesicovaginal fistula),"배뇨 시 통증, 질에서 소변이 나옴"
174,방광탈(Cystocele),"배뇨장애, 소변이 샘, 배뇨곤란"
175,배뇨통(Dysuria),"야간뇨, 배뇨장애, 배뇨 시 통증, 긴박뇨, 잔뇨감, 빈뇨"
176,배란통(Ovulation pain),"복부 통증, 오심, 두통"
177,변비(Constipation),"복부 통증, 복부팽만감, 잔변감, 항문 통증, 항문출혈"
178,변형성 고관절증(Coxarthrosis),"관절 운동성 감소, 보행이상, 골반 통증"
179,복압성 요실금(Stress urinary incontinence),"요통, 배뇨 시 통증, 빈뇨, 소변이 샘, 악취, 진한 소변색, 복부 통증"
180,분만 후 출혈(Postpartum hemorrhage),"빈맥, 발한, 비정상적 질출혈, 어지러움, 혼돈"
181,비임균성 요도염(Nongonococcal urethritis),"배뇨곤란, 배뇨 시 통증, 피부소양감, 빈뇨"
182,"비정상적 자궁, 질 출혈(Abnormal uterine and vaginal bleeding)","빈맥, 저혈압, 비정상적 질출혈, 어지러움, 가슴 두근거림"
183,사구체신염(Glomerulonephritis),"혈뇨, 전신 부종, 단백뇨"
184,사면발이증(Pediculosis pubis),"소양감, 비정상적 질 분비물"
185,샅(서혜)육아종(Granuloma inguinale),"물집, 생식기 궤양, 환부의 분비물, 발진"
186,생식선 및 생식 세포의 신생물(Gonadal and germ cell neoplasma),"변비, 경련, 배뇨장애, 뇌압상승증상, 두통, 구토, 덩어리가 만져짐, 배뇨 시 통증, 감기 증상, 오심"
187,서혜부 탈장(Inguinal hernia),"구토, 골반 통증, 음낭 부종"
188,선천성 수신증(Congenital hydronephrosis),"농신증, 무증상, 요독증"
189,성병(Sexually transmitted disease),"소양감, 비정상적 질 분비물, 환부의 분비물"
190,세균성 이질(Shigellosis),"열, 복부 통증, 설사, 구토, 오심"
191,소변 정체(Retention of urine),"복부 통증, 소변을 볼 수 없음, 방광 팽만"
192,수신증(Hydronephrosis),"오심, 빈뇨, 배뇨 시 통증, 무증상, 덩어리가 만져짐"
193,습관성 유산(Habitual miscarriage),"복부 통증, 습관성 유산, 비정상적 질출혈, 골반 통증"
194,신세포암종(Renal cell carcinoma),"혈뇨, 옆구리 통증"
195,신우요관 폐색(UPJ obstruction),"혈뇨, 옆구리 통증, 요로감염, 구토"
196,신우요관암(Renal pelvis cancer),"요통, 옆구리 통증, 혈뇨"
197,신장 결석(Renal stone),"구토, 오심, 혈뇨, 옆구리 통증"
198,신장 이형성증(Renal dysplasia),"신장 발육부전, 납작한 코, 축 쳐진 귀"
199,신증후성 출혈열(Hemorrhagic fever with renal syndrome),"두통, 식욕부진, 단백뇨, 복부 통증, 열, 요독증, 저혈압, 다뇨"
200,아두골반 불균형(Cephalopelvic disproportion),"분만 지연, 활력징후 이상, 자궁 수축, 태아 심박동수 이상"
201,알포트 증후군(Alports syndrome),"단백뇨, 각막 이상, 난청, 망막 이상 , 혈뇨, 수정체 이상, 신증후군, 만성 신부전"
202,야뇨증(Enuresis),"수면 중 소변을 봄, 야뇨증"
203,양성 전립선 비대증(Benign prostatic hyperplasia),"지연뇨, 야간뇨, 혈뇨, 배뇨장애, 잔뇨감, 긴박뇨, 빈뇨, 배뇨곤란, 요로감염"
204,양수과소증(Oligohydramnios),"태아 뼈,근육의 기형, 질식, 태반의 조기 박리, 분만 지연, 탯줄의 압박, 임신중 배의 크기가 줄어듦, 양막 유착"
205,양수색전증(Amniotic fluid embolism),"심정지, 저산소증, 호흡곤란, 저혈압, 출혈 경향성"
206,외음질의 이물(Foreign body in vulva and vagina),"복부 통증, 비정상적 질 분비물"
207,요관 협착(Ureteral stricture),"옆구리 통증, 복부 통증, 열, 혈뇨, 요로감염"
208,요근 농양(Psoas abscess),"열, 기운없음, 요통, 보행이상, 덩어리가 만져짐, 골반 통증, 식욕부진, 체중감소"
209,요독증(Uremia),"전신 부종, 두통, 출혈 경향성, 피로감, 의식 저하, 피부소양감"
210,요로 감염(Urinary tract infection),"잔뇨감, 긴박뇨, 배뇨곤란, 소양감, 오한, 옆구리 통증, 배뇨 시 통증, 열, 배뇨장애, 빈뇨"
211,요로결석(Urolithiasis),"옆구리 통증, 빈뇨, 잔뇨감, 오심, 혈뇨"
212,요실금(Urinary incontinence),"긴박뇨, 소변이 샘"
213,원발성 월경곤란(Primary dysmenorrhea),"요통, 두통, 복부 통증"
214,월경전 증후군(Premenstrual syndrome),"피부 긴장도 저하, 우울, 요통, 두통, 불안"
215,유산(Abortion),"복부 통증, 비정상적 질출혈"
216,유산 후 계속되는 임신(다태)(Continuing pregnancy after abortion),비정상적 질출혈
217,융모막암종(Choriocarcinoma),"피로감, 구토, 질에서 소변이 나옴, 심인성 쇼크, 배뇨곤란"
218,융모양막염(Chorioamnionitis),"비정상적인 진통, 압통, 비정상적 질 분비물, 열"
219,음낭수종(Hydrocele),"고환에 낭이 만져짐, 음낭 부종"
220,이상 태위(Malpresentation of fetus),"태동의 위치 이상, 무증상"
221,일과성 고관절 활액막염(Transient synovitis of hip),"열, 골반 통증, 관절 운동성 감소"
222,임신성 고혈압(Pregnancy-induced hypertension),"시야장애, 단백뇨, 두통, 고혈압"
223,임질(Gonorrhea),"요도 불쾌감, 비정상적 질 분비물, 빈뇨, 열"
224,자간전증(Pre-eclampsia),"시력 감소, 소변량 감소, 두통, 전신 부종"
225,자간증(Eclampsia),"전신 부종, 뇌전증 발작 , 고혈압, 시력 감소"
226,자궁 경부의 이형성증(Dysplasia of cervix uteri),"비정상적 질출혈, 무증상"
227,자궁 내 성장 지연(Intrauterine growth retardation),"임신 주수보다 작은 배, 태아 저체중, 양수의 감소"
228,자궁 발육부전(Hypoplasia uteri),"무월경, 어지러움, 두통, 희발월경"
229,자궁 상피 내 암종(Carcinoma in situ of Cervix),"변비, 혈뇨, 비정상적 질출혈, 악취, 배뇨장애, 비정상적 질 분비물, 요통, 생식기 출혈, 복부 통증, 배변장애, 골반 통증"
230,자궁 외 임신(Ectopic pregnancy),"빈맥, 빈호흡, 복부 통증, 비정상적 질출혈, 창백"
231,자궁경관무력증(Incompetent internal os of cervix),"복부경련, 골반 통증, 복부 통증, 비정상적 질 분비물, 습관성 유산"
232,자궁경부암(Cervical cancer),"배변장애, 다리 통증, 생식기 출혈, 골반 통증, 비정상적 질 분비물, 배뇨장애, 악취, 비정상적 질출혈, 변비, 요통"
233,자궁경부염(Cervicitis),"복부 통증, 골반 통증, 비정상적 질 분비물, 비정상적 질출혈, 생식기 부종, 잔뇨감, 생식기 통증"
234,자궁내막 용종(Polyp of endometrium),"월경과다, 비정상적 질출혈, 무증상"
235,자궁내막 이상증식증(Endometrial hyperplasia),"월경과다, 비정상적 질출혈, 생리불순"
236,자궁내막암(Endometrial cancer),"비정상적 질출혈, 월경과다, 복부 통증, 무월경, 생식기 출혈, 골반 통증"
237,자궁내막증(Endometriosis),"불임, 복부 통증, 골반 통증, 배변습관의 변화, 설사, 요통, 배뇨곤란"
238,자궁선근증(Adenomyosis),"복부 통증, 불임, 덩어리가 만져짐, 골반 통증, 월경과다"
239,자궁의 비염증성 장애(Noninflammatory disorders of uterus),염증 장애에 따라 다양
240,자궁의 평활근종(Leiomyoma of uterus),"골반 통증, 생식기 출혈, 복부 통증, 요통, 무증상, 비정상적 질출혈, 월경과다, 불임"
241,장폐색(Intestinal obstruction),"복부팽만감, 구토, 장폐색, 탈수, 설사, 복부 통증, 빈맥, 저혈압, 변비"
242,전립선암(Prostate cancer),"소변을 볼 수 없음, 소변이 샘, 뼈 전이, 요관 폐쇄, 혈뇨"
243,전치 태반(Placenta previa),비정상적 질출혈
244,절박 유산(Threatened Abortion),"비정상적 질출혈, 복부 통증"
245,조기 양막 파열(Premature rupture of membranes),"비정상적인 진통, 비정상적 질 분비물"
246,조기 폐경(Premature ovarian failure),"배뇨장애, 수면장애, 안면홍조, 피로감, 발한"
247,조산(Prematurity delivery),"복부경련, 복부 압박 증상, 비정상적 질출혈, 복부 통증"
248,좌골신경통(Sciatica),"저림, 다리 통증, 요통, 골반 통증"
249,직장암(Rectal cancer),"혈변, 변비, 설사, 배변습관의 변화"
250,"직장의 양성 종양(Rectum, benign tumor)","점액변, 혈변, 무증상"
251,천추골 골절(sacral fracture),"골반 통증, 손상 부위 통증"
252,태반 유착증(Placenta Accreta),"비정상적 질출혈, 복부 통증"
253,태반 조기 박리(Abruptio placenta),"골반 통증, 비정상적 질출혈, 비정상적인 진통, 자궁 수축, 복부 통증"
254,포상기태(Hydatidiform mole),"복부 통증, 비정상적 질출혈, 구토, 임신 오조증, 거대자궁"
255,항문 및 직장의 궤양(Ulcer of anus and rectum),"오심, 설사, 열, 복부 통증, 혈변, 잔변감"
256,항문 폐쇄증(Imperforate anus),복부팽만감
257,감각신경성 난청(Sensorineural hearing loss),"이명, 어지러움, 청력장애"
258,거대세포 바이러스 질환(Cytomegaloviral diseases),"무증상, 정신 지체, 태아 저체중, 난청, 궤양, 피로감, 청력장애, 열"
259,고막염(Myringitis),"이물감, 이명, 발적, 청력장애, 고막에 수포형성"
260,급성 중이염(Acute otitis media),"청력장애, 열, 두통, 환부의 분비물, 고름, 이명, 이폐색감, 귀의 통증"
261,난청(hearing loss),"청력장애, 귀의 통증, 어지러움, 이명"
262,노인성 난청(Presbycusis),청력장애
263,돌출귀(Prominent Ear),펴진 귓바퀴
264,만성 비염(Chronic rhinitis),"후각장애, 기침, 재채기, 콧물, 코막힘"
265,만성 중이염(Chronic otitis media),"어지러움, 귀의 통증, 이명, 환부의 분비물, 청력장애, 귀에서 냄새가 남"
266,매몰귀(Cryptotia),귀 상부가 두피에 매몰됨
267,메니에르병(Meniere's disease),"이명, 어지러움, 청력장애, 오심, 이폐색감"
268,미로염(Labyrinthitis),"난청, 어지러움"
269,비용종(Nasal polyp),"코막힘, 코골이, 콧물"
270,비인두 종양(Nasopharyngeal tumor),"난청, 환부 통증, 코막힘, 비출혈, 목 주변 부종, 복시"
271,삼출성 중이염(Otitis media with effusion),"청력장애, 난청, 환부의 분비물, 이명, 이폐색감"
272,소이증(Microtia),"귀 모양의 변형, 청력장애"
273,알레르기 비염(Allergic rhinitis),"콧물, 소양감, 재채기, 후각장애, 코막힘"
274,외상에 의한 고막 천공(Traumatic rupture of ear drum [Traumatic tympanic membrane perforation]),"청력장애, 이명, 환부의 분비물"
275,외이도염(Otitis externa),"청력장애, 환부의 분비물, 악취, 피부소양감, 귀의 통증"
276,이루증(Otorrhea),"귀의 통증, 소양감, 장액성 분비물, 환부의 분비물"
277,이석증(Benign paroxysmal vertigo),"안구진탕, 어지러움, 구토"
278,전정신경염(Vestibular neuronitis),"이명, 설사, 어지러움, 발한, 구토, 권태감, 오심"
279,진주종(Cholesteatoma),"악취, 기억장애, 환부의 분비물, 청력장애"
280,청신경초종(Vestibular schwannoma),"청력장애, 이명, 감각 이상, 어지러움"
281,파라인플루엔자 감염증(Parainfluenza infection),"편도선 비대, 기침, 가래, 고막 충혈, 열, 식욕부진, 콧물, 구토"
282,현훈(Vertigo),"오심, 발한, 어지러움, 구토"
283,강박 장애(Obsessive-Compulsive Disorder),"불안, 반복적인 동작, 의심"
284,경계성 인격장애(Borderline personality disorder),"의심, 약물남용, 대인관계 어려움, 조절할 수 없는 충동감, 자살의 위험, 우울, 망상"
285,공황 장애(Panic disorder),"숨막히는 느낌, 얼굴이 화끈거림, 가슴 통증, 죽음에 대한 공포, 어지러움, 발한, 가슴 두근거림, 가슴 답답, 손떨림, 오심, 온몸이 떨림, 오한, 감각 이상"
286,금단 현상(Withdrawal Phenomenon),"복시, 손떨림, 고혈압, 서맥, 저혈압, 청색증, 불안, 기운없음, 불면증, 두통, 환각, 환청, 우울"
287,기억상실증(amnesia),"건망증, 불안, 초조함, 기억장애, 흥분, 감정 변화"
288,분열정동 장애(Schizoaffective disorders),"와해된 언어 , 피해망상, 환각, 환시, 환청, 와해된 행동, 망상, 이상행동"
289,불면증(Insomnia),"체중감소, 수면 후에도 피로함, 식욕부진, 피로감, 불안, 불면증, 거칠어진 피부"
290,불안 장애(Anxiety disorder),"가슴 두근거림, 빈호흡, 빈뇨, 초조함, 불면증, 복부 불편감, 목의 이물감, 근육긴장, 피로감, 얼굴이 화끈거림, 설사"
291,새집 증후군(Sick building syndrome),"코막힘, 피부 건조, 발진, 두통, 천식"
292,신경성 식욕부진증(Anorexia nervosa),"저혈압, 이상행동, 체중감소, 무월경"
293,신경성 폭식증(Bulimia nervosa),"체중증가, 복부 통증, 폭식, 구토"
294,신체형 장애(Somatic symptom disorder),"온몸이 떨림, 오심, 생리불순, 손떨림, 가슴 답답, 가슴 두근거림, 얼굴이 화끈거림, 구강건조, 근육통, 권태감, 구토, 가슴 쓰림, 복부팽만감, 두통, 어지러움, 저림, 발한"
295,아스퍼거 증후군(Asperger disorder),"감각 과민, 대인관계 어려움, 감정 변화"
296,알코올 의존성(Dependance of alcohol),"반사회적 인격장애, 불안, 금단증상"
297,양극성 장애(Bipolar disorder),"말을 많이 함, 높아진 자존심, 우울, 망상, 사고의 비약"
298,우울증(Depressive disorder),"수면장애, 식욕부진, 환각, 자살의 위험, 삶에 대한 흥미 상실, 망상, 오후 우울감 완화"
299,적응 장애(Adjustment disorder),"희망이 없는 느낌, 걸핏하면 눈물지음, 우울"
300,조현병(정신분열병)(schizophrenia),"피해망상, 와해된 행동, 환각, 무욕증, 망상, 와해된 언어 , 정서적 둔마, 무논리증"
301,태아 알코올 증후군(Fetal alcohol syndrome),"태아, 신생아의 기형, 태아, 신생아의 정신 장애"
302,해외여행 시 주의사항(Travel counseling),"설사, 열, 구토"
303,VDT 증후군(Visual Display Terminal Syndrome),"어깨의 통증, 눈의 충혈, 피로감, 눈의 피로, 두통, 굽은 등, 저림, 손의 통증, 어깨 움직임의 제한"
304,가성근시(Pseudomyopia),시력 감소
305,각막 궤양(Corneal ulcer),"눈의 통증, 눈부심, 눈물흘림, 눈의 충혈"
306,각막 부종(Corneal Edema),"시야장애, 근시"
307,각막 혼탁과 흉터(Corneal opacity and scar),"환부의 분비물, 시력 감소, 눈부심, 눈의 통증, 안구혼탁, 눈의 피로"
308,각막염(Keratitis),"눈의 통증, 눈의 충혈, 눈부심, 시력 감소, 안구혼탁, 눈물흘림"
309,결막염(Conjunctivitis),"눈꼽, 눈부심, 눈의 충혈, 눈의 자극감, 눈의 피로"
310,근시(Myopia),"시력 감소, 두통"
311,꽃가루 알레르기(Pollen allergy),"재채기, 호흡곤란, 기침, 눈의 충혈, 눈꼽"
312,난시(Astigmatism),"눈의 통증, 눈의 충혈, 눈의 피로, 두통"
313,노안(Presbyopia),"시야장애, 두통, 눈의 피로"
314,노화된 얼굴(Aging face),"코 옆과 입꼬리 주름, 이중턱, 아래 눈꺼풀이 불룩함, 눈가 및 이마 주름, 볼이 처짐, 볼, 눈주위 움푹 꺼짐, 눈꺼풀 처짐증"
315,녹내장(Glaucoma),"주변시야손상, 두통, 암점, 눈의 통증, 시력 감소, 중심시력감소"
316,눈꺼풀 장애(Disorders of eyelid),눈꺼풀 처짐증
317,눈물흘림증(Epiphora),"환부의 분비물, 고름, 시야장애, 눈꼽, 눈물흘림, 유루증"
318,당뇨망막병증(Diabetic retinopathy),"시야장애, 광시증, 황반부종, 시력 감소, 사물이 찌그러져 보임, 비문증"
319,망막 박리(Retinal detachments & breaks),"광시증, 사물이 찌그러져 보임, 비문증, 시야장애"
320,망막 열공(retina tear),"시야장애, 눈의 충혈, 눈부심"
321,망막 전막(Epiretinal membrane),"시력 감소, 사물이 찌그러져 보임"
322,망막 정맥 폐쇄(Retinal vein occlusion),"시야장애, 시력 감소, 무증상"
323,망막 출혈(Retinal hemorrhage),"시력 감소, 시야장애"
324,망막색소변성증(Retinitis Pigmentosa),"터널시야, 시력 감소, 야맹"
325,망막아세포종(Retinoblastoma),"동공산대, 안구증대, 사경, 시력 감소, 사시, 동공이 흰빛으로 반짝임"
326,맥락막 흑색종(Choroidal melanoma),"비문증, 광시증, 눈의 충혈, 시력 감소"
327,맥립종(Stye),발적
328,미숙아 망막병증(Retinopathy of Prematurity),무증상
329,백내장(Cataract),"시력 감소, 안구혼탁, 눈부심, 복시"
330,복시(Diplopia),사물이 두개로 보임
331,비루관 폐쇄(Nasolacrimal duct obstruction),"눈꼽, 환부의 분비물, 눈물흘림, 압통"
332,비문증(Floaters),"부유물이 보임, 시야장애, 눈 감을 때 번쩍거림"
333,사시(Strabismus),"눈의 피로, 두통, 눈운동신경마비, 눈부심, 시력 감소, 복시, 구토, 증상의 일중변동, 사시"
334,색약(color amblyopia),"색깔이 퇴색해보임, 색맹"
335,선천성 눈 기형(Congenital malformations of eye),"시력 감소, 시야장애"
336,선천성 색소결핍증(Congenital Albinism),모발 탈색
337,설맹(Snow blindness),"눈의 통증, 시력 감소, 안구혼탁, 야맹"
338,수정체 탈구(Lens luxation),"홍채가 흔들거림, 앞이 뿌옇게 보임, 시야장애"
339,스티븐 존슨 증후군(Stevens Johnson syndrome),"물집, 물집성 표피 박리, 체모감소, 배뇨곤란, 호흡곤란, 압통, 안구건조, 결막염, 피부 및 점막의 염증, 반점, 코플릭 반점"
340,시신경염(Optic neuritis),"색깔이 퇴색해보임, 눈의 통증, 시야장애"
341,안검내반(Entropion),"눈물흘림, 눈부심, 눈비빔"
342,안검염(Blepharitis),"눈의 자극감, 궤양, 안검내반, 이물감, 눈 주변 부종, 소양감, 눈의 충혈, 고름"
343,안검하수(Ptosis of eyelid),"이마의 주름, 약시, 눈꺼풀 처짐증"
344,안검황색종(Xanthelasma),눈 주위 노란 반점
345,안구 건조증(Dry eye syndrome),"눈의 자극감, 눈의 피로, 눈부심, 소양감, 시야장애, 작열감"
346,안면 마비(Facial palsy),"청각과민, 미각이상, 눈물흘림, 발음 이상, 안면마비"
347,안암(eye cancer),"눈의 충혈, 종양부위 부종"
348,안와 골절(orbital fracture),"눈 주변 부종, 얼굴부종, 안구 이상, 시력 감소, 복시, 비출혈, 감각 이상"
349,알레르기성 결막염(Allergic conjunctivitis),"환부의 분비물, 눈 주변 부종, 소양감, 눈의 충혈"
350,야맹증(Night blindness),야맹
351,약시(Amblyopia),시력 감소
352,양안격리증(Hypertelorism),"코의 기형 동반, 시력 감소, 사시, 눈 사이가 멀어보임"
353,원추각막(Keratoconus),"눈부심, 눈의 자극감, 시력 감소, 대비감 감소"
354,유리체 출혈(Vitreous hemorrhage),"비문증, 시력 감소"
355,익상편(Pterygium),"각막 위로 결막 침범, 무증상, 눈의 충혈, 시력 감소"
356,중심장액성 맥락망막병증(Central Serous ChorioRetinopathy),"시야장애, 암점"
357,진균성 각막 궤양(Fungal corneal ulcers),"시력 감소, 눈의 통증, 눈의 자극감, 눈의 피로"
358,출혈성 결막염(Hemorrhagic conjunctivitis),"눈의 통증, 눈의 충혈, 눈의 자극감, 눈꼽, 눈의 피로, 눈부심"
359,칼만 증후군(Kallmann syndrome),"색맹, 후각장애, 사춘기 지연, 입술, 입천장의 기형, 성선 기능 저하증"
360,포도막염(Uveitis),"시력 감소, 눈의 통증, 광과민성, 앞이 뿌옇게 보임, 눈의 충혈, 비문증, 눈부심"
361,홍채염(Iritis),"눈부심, 눈물흘림, 눈의 통증, 눈의 충혈"
362,화농성 안구내염(Purulent Endophthalmitis),"눈의 통증, 눈 주변 부종"
363,황반변성(Macular degeneration),"시력 감소, 글자가 휘어져보임, 시야장애"
364,황반천공(Macular hole),"실명, 시력 감소"
365,각기병(Beriberi),"체중감소, 무감각, 식욕부진, 권태감, 근력 약화"
366,건 손상(Tendon injury),"발끝으로 설 수 없음, 발 굴곡 운동의 제한, 환부 통증, 손가락 운동장애"
367,경골과 비골 골절(Fracture of tibia & fibula),"손상 부위 출혈, 손상 부위 통증, 하지부종, 다리변형"
368,골관절염(Osteoarthritis),"관절 운동성 감소, 무릎 부위 부종, 관절의 경직, 관절통, 무릎 부위 통증"
369,골육종(Osteosarcoma),"환부 통증, 덩어리가 만져짐, 뼈의 통증"
370,"골절 후 부정 유합, 불유합(Malunion & nonunion of fracture)","다리변형, 뼈의 변형, 손상 부위 통증, 발적"
371,관절염(Arthritis),"압통, 뻣뻣함, 환부 부종, 발적"
372,구루병(Rickets),"굽은 등, 다리변형, 림프 부종, 발한, 뼈의 기형, 창백, 뼈의 변형, O자 다리, 새가슴"
373,구획 증후군(Compartment syndrome),"무맥, 마비, 환부 통증, 창백"
374,근감소증(Sarcopenia),"보행이상, 하지의 근력약화, 피로감, 근력 약화"
375,내반슬(Bow leg),"오리걸음, 발이 안쪽을 향해 걸음, O자 다리, 양무릎사이 벌어짐"
376,내연골종(Enchondroma),"감각 이상, 뼈의 변형, 환부 부종, 병적골절"
377,당뇨병성 말초신경병증(Diabetic polyneuropathy),"무감각, 손, 발 감각 저하, 말초 신경장애, 저림, 말초 통증"
378,류마티스 관절염(Rheumatoid arthritis),"손마디가 뻣뻣해짐, 열감, 관절의 경직, 다발성 관절염, 관절통"
379,림프부종(Lymphedema),"사지 부종, 피부 긴장도 저하, 피부균열"
380,무릎관절증(Gonarthrosis),"관절 운동성 감소, 무릎 부위 부종, 관절잡음, 무릎 부위 통증"
381,반달연골 이상(Meniscus derangements),"관절 운동성 감소, 무릎 부위 부종, 무릎 부위 통증"
382,반월판 연골손상(Tear of meniscus),"관절통, 관절 불안정증, 무릎 부위 부종, 관절잡음, 관절의 경직, 무릎 부위 통증"
383,베이커 낭종(Baker's cyst),"관절 운동성 감소, 관절의 경직, 무릎 부위 통증, 무릎 부위 부종"
384,병리적 골절(Pathological fracture),"마찰음 , 감각 이상, 근육강직, 뼈의 변형, 환부 통증, 환부 부종"
385,뼈의 신생물(Neoplasm of the bone),"덩어리가 만져짐, 종양부위 부종, 암 부위별로 다름"
386,소아 류마티스 관절염(Juvenile rheumatoid arthritis),"관절통, 손마디가 뻣뻣해짐, 뻣뻣함, 환부 부종, 관절 운동성 감소, 관절의 경직"
387,소아마비(Polio),"이완성 마비, 무균성 뇌막염, 열"
388,슬개건염(Patellar tendinitis),"압통, 관절잡음, 열감"
389,슬개골 골절(Patella Fracture),"무릎 부위 부종, 압통, 무릎 부위 통증"
390,슬관절 장애(Internal derangement of knee),"무릎 부위 부종, 무릎 부위 통증"
391,신경근병증(Radiculopathy),"근력 약화, 감각 이상, 목의 통증, 방사통, 요통"
392,신경종(Neuroma),"환부 부종, 저림, 환부 통증"
393,십자 인대 손상(Cruciate Ligament Injuries),"관절 불안정증, 환부 부종, 관절잡음, 파열음, 무릎 부위 부종, 무릎 부위 통증"
394,아킬레스 건 파열(Acute achilles tendon rupture),"발의 통증, 파열부위 오목해짐, 파열음, 발끝으로 설 수 없음"
395,연골연화증(Chondromalacia),"관절 운동성 감소, 무릎 부위 통증, 관절통, 운동장애"
396,염좌(sprain),"손상 부위 통증, 관절통, 관절 불안정증, 관절 운동성 감소, 발의 통증"
397,오스굿씨 병(Osgood Schlatter Disease),"압통, 무릎 부위 부종, 다리 통증, 무릎 부위 통증"
398,외반슬(Knock-knee),"보행이상, X자 다리, 다리 통증"
399,요추 전방전위증(Lumbar spondylolisthesis),"자세이상, 요통, 보행이상, 저림, 파행"
400,원위 요골과 척골 골절(Fracture of distal radius and ulna),"뼈의 변형, 저림, 손가락 운동장애, 손목에 심한 붓기와 통증"
401,원판형 반월상연골(Discoid meniscus),"관절잡음, 무릎 부위 통증, 무릎 부위 부종, 관절 운동성 감소, 무증상"
402,유잉육종(Ewing sarcoma),"덩어리가 만져짐, 열감, 열, 환부 통증"
403,통풍성 관절염(gouty arthritis),"운동장애, 환부 통증, 관절통, 관절염"
404,폐색성 혈전 혈관염 (Thromboangiitis obliterans),"말초의 허혈, 저림, 말초 통증"
405,피로 골절(Stress fracture),"무증상, 손상 부위 통증, 환부 부종"
406,하지 정맥류(Varicose veins),"환부 통증, 피로감, 하지부종, 피부 긴장도 저하, 작열감, 피부경화, 피부궤양, 경련"
407,하지불안증후군(Restless Legs Syndrome),"다리 통증, 수면장애, 저림"
408,횡문근육종(Rhabdomyosarcoma),"환부 통증, 덩어리가 만져짐"
409,결핵성 골수염(Tuberculous osteomyelitis),"체중감소, 식욕부진, 근육경련, 뼈의 변형, 열, 관절통"
410,노인성 척추후만증(Senile Kyphosis),"굽은 등, 요통, 보행이상"
411,신장의 신생물(Neoplasm of the kidney),복부팽만감
412,완전 척수 손상(Complete cord injury),"활력징후 이상, 호흡곤란, 사지 마비, 배뇨장애"
413,외상에 의한 척수 손상(Traumatic Spinal cord injury),"발진, 배뇨장애, 서호흡, 장마비"
414,외상에 의한 척추 손상(Traumatic spine injury),"저혈압, 서맥, 활력징후 이상"
415,요추 추간판 탈출증(Herniation of intervertebral disk),"다리 통증, 하지 마비, 감각 이상, 요통, 저림"
416,요추관 협착증(Lumbar spinal stenosis),"저림, 파행, 하지의 근력약화, 요통, 방사통"
417,요통(Low back pain),"저림, 환부 통증"
418,잠재성 이분 척추(Spina bifida occulta),무증상
419,척수 종양(Spinal Cord tumor),"감각 이상, 운동장애, 요통, 환부 통증"
420,척수공동증(Syringomyelia),"요통, 하지 마비, 감각 이상, 마비, 근력 약화"
421,척수근육위축(Spinal muscular atrophy),"하지의 근력약화, 근긴장의 이상, 보행이상, 근골격계 이상"
422,척수병증(Myelopathy),"배뇨장애, 감각 이상, 의식 변화, 하지 마비, 배변장애, 근력 약화, 보행이상, 저림"
423,척수수막류(Myelomeningoceles),"하지 마비, 보행이상, 굽은 등, 배뇨장애, 뇌수종, 자세이상"
424,척추 골수염(Vertebral osteomyelitis),"마비, 피로감, 체중감소, 배뇨곤란, 열, 오한, 요통"
425,척추 종양(Spine Bone Tumor),"근육마비, 목의 통증, 피로감, 요통, 감각 이상, 근력 약화, 식욕부진"
426,척추병증(Spondylopathies),"요통, 저림, 자율신경장애, 운동장애, 감각 이상"
427,척추측만증(Scoliosis),"굽은 등, 뼈의 변형, 근골격계 이상"
428,퇴행성 척추 장애(Degenerative spinal disorder),"저림, 요통, 다리 통증, 관절의 경직"
429,횡단성 척수염(Transverse myelitis),"사지 마비, 괄약근 기능 이상, 하지의 근력약화, 감각 이상, 요통"
430,거스트만 증후군(Gerstmann Syndrome),"인지장애, 학습장애, 지남력 장애"
431,건강염려증(Hypochondriasis),"비현실감, 병원 쇼핑, 질병에 대한 공포"
432,결핵성 수막염(Tuberculous meningitis),"열, 눈운동신경마비, 혼수, 두통, 시야장애, 졸림"
433,경미한 인지장애(Mild cognitive impairment),"우울, 기억장애, 판단력장애, 언어장애, 무관심"
434,광우병(Bovine spongiform encephalopathy),"정신 지체, 기억장애, 이상행동, 치매"
435,광장공포증(Agoraphobia),"대인관계 어려움, 불안"
436,교모세포종(Glioblastoma),"오심, 뇌전증 발작 , 두통, 구토"
437,군발성 두통 증후군(Cluster headache syndrome),"코막힘, 눈물흘림, 눈의 통증, 콧물"
438,근육 긴장성 두통(Tension-type headache),"압통, 두통"
439,기면증(Narcolepsy),"낮 시간대의 졸음, 입수면기의 환각, 수면 마비, 탈력발작"
440,기분부전증(Dysthymia),"우유부단함 , 낮은 자존감 , 피부 긴장도 저하, 에너지가 적음, 비관주의"
441,난독증(Dyslexia),"읽기,쓰기 능력 부족"
442,뇌 동정맥 기형(Cerebral arteriovenous malformation),"편두통, 뇌출혈, 박동성 통증, 두통, 뇌전증 발작"
443,뇌경색(Cerebral infarction),"반신마비, 언어장애, 시야장애, 어지러움, 의식 변화"
444,뇌농양(Brain abscess),"오심, 두통, 성격의변화, 열, 구토, 경련"
445,뇌동맥 폐쇄(Occlusion of cerebral artery),"감각 이상, 편측 사지의 감각소실, 경련, 시야장애, 언어장애, 운동 실어증, 혼수, 의식 저하, 시력 감소, 무의지증"
446,뇌동맥류(Cerebral aneurysm),"뇌전증 발작 , 안구내 출혈, 오심, 의식 변화, 두통, 구토"
447,뇌사(brain death),"반사 이상, 무호흡, 동공산대, 무의식, 호르몬변화"
448,뇌성 마비(Cerebral palsy),"인지장애, 반사 이상, 보행이상, 근긴장의 이상, 뇌전증 발작"
449,뇌염(Encephalitis),"기운없음, 오한, 시력 감소, 열, 방향감각 상실, 경련, 경부 강직, 정신 혼미, 구토, 두통, 의식 저하"
450,뇌전증(Epilepsy),"의식 저하, 눈꺼풀의 떨림, 뇌전증 발작 , 온몸이 떨림, 경련, 손떨림"
451,뇌졸중(Cerebrovascular disease),"시력 감소, 복시, 어지러움, 운동장애, 발음 이상, 반신마비, 두통, 시야장애, 언어장애, 삼키기 곤란"
452,뇌종양(Brain tumor),"운동장애, 오심, 감각 이상, 구토, 두통, 뇌전증 발작"
453,뇌출혈(Cerebral hemorrhage),"의식 저하, 구토, 의식 변화, 두통, 어지러움, 마비"
454,뇌하수체 기능부전(Hypopituitarism),"추위를 못견딤, 식욕부진, 질의 건조함, 불임, 성기능 장애, 골다공증, 복부비만, 피로감, 저혈당, 희발월경, 저혈압, 오심, 근력 약화"
455,뇌하수체 양성 및 악성 신생물(Malignant or benign neoplasm of Pituitary gland),"성욕감퇴, 불임, 질의 건조함, 성선 기능 저하증, 두통, 시야장애, 유루증, 생리불순"
456,단순 포진성 뇌염(Herpes simplex encephalitis),"뇌전증 발작 , 두통, 언어장애, 의식 변화, 열"
457,댄디워커 증후군(Dandy-Walker syndrome),"근육강직, 오심, 운동장애, 의식 저하, 머리모양 변형, 정신 지체, 구토"
458,두개 안면 부조화(Craniofacial dysharmony),"입술, 입천장의 기형, 수유 곤란, 머리모양 변형, 언어장애"
459,두개 유합증(Craniosynostosis),"광대뼈 위치 이상, 다른 선천성 기형, 청력장애, 안구돌출, 머리모양 변형"
460,두개골 골절(Skull Fracture),"두통, 점상 출혈"
461,두부 백선(Tinea Capitis),"피부 각질, 체모감소, 피부소양감"
462,두통(Headache),"압통, 박동성 통증, 뇌압상승증상, 눈이 무거운 느낌"
463,"떨림, 진전(Tremor)","온몸이 떨림, 떨림(진전), 손떨림"
464,뚜렛 증후군(Tourette Syndrome),"이상한 소리를 냄, 비정상적인 움직임"
465,루드비히 안자이나 (Ludwig's angina),"목 주변 부종, 경부 운동 제한, 열감"
466,말단비대증(Acromegaly),"두통, 시력 감소, 말단비대"
467,말더듬이(Stuttering),말더듬
468,망상 장애(Delusional disorder),"망상, 고정된 믿음"
469,모야모야병(Moyamoya disease),"시력 감소, 감각 이상, 안면마비, 마비, 언어장애, 학습장애"
470,뮌하우젠 증후군(Munchausen's syndrome),거짓 증상 호소
471,바이러스성 뇌수막염(Viral meningitis),"성격의변화, 경부 강직, 뇌전증 발작 , 열, 두통, 경련, 혼수"
472,박테리아성 뇌수막염(Bacterial meningitis),"구토, 혼수, 두통, 열, 감기 증상, 오심, 경련, 경부 강직"
473,반사회성 인격장애(Antisocial Personality Disorder),"약물남용, 직무 태만, 나쁜 품행, 야만적 행위"
474,반응성 애착장애(Reactive Attachment Disorder),"산만함, 불안, 낮은 지능, 사회성 부족, 저체중"
475,발달 장애(developmental disability),"학습장애, 사회성 부족"
476,발모벽(Trichotillomania),"긴장, 행동장애"
477,베르니케 코시코프 증후군(Wernicke-korsakoff syndrome),"기억장애, 지남력 장애, 의식 변화, 말초 신경장애, 불안, 보행이상, 혼돈, 안구진탕"
478,병적 도벽(Pathological stealing),"충동 조절 어려움, 신경과민, 충동적 도벽, 우울"
479,병적 방화(Pathological fire-setting),"긴장, 흥분"
480,보행 운동 장애(Abnormalities of gait and mobility),보행이상
481,분리 불안 장애(Separation Anxiety Disorder),"애착 상대와 분리 거부, 수면장애, 어지러움, 가슴 두근거림, 불안"
482,비정형 파킨슨 증후군(Atypical Parkinsonism),"자세이상, 자세 불안정, 서동, 보행이상, 떨림(진전), 근육강직"
483,사회공포증(Sociophobia),"대인관계 어려움, 불안"
484,산후 우울증(Postpartum depression),"우울, 초조함, 불안"
485,삼차 신경병증(Trigeminal neuralgia),"두통, 감각 이상"
486,설인신경통(Glossopharyngeal neuralgia),"자율신경장애, 혀의 통증, 부정맥, 저혈압"
487,섬망(Delirium),"혼돈, 언어장애, 환시, 환각, 초조함, 손떨림, 불면증, 수면장애, 감각 이상, 섬망, 감정 변화, 산만함"
488,섭식 장애(Eating disorder),"무월경, 체중감소, 왜곡된 신체상, 구토, 폭식, 자제력 상실 두려움, 음식섭취 거부"
489,성기능장애(Sexual dysfunctions),"성욕감퇴, 질의 건조함"
490,성도착증(Paraphilia),"피학증, 가학증, 소아기호증, 노출증, 비정상적 성적 기호, 접촉도착증 , 낮은 자존감 , 관음증"
491,성인 주의력 결핍 과잉행동장애(Adult attention-deficit hyperactivity disorder),"산만함, 낮은 자존감 , 대화에 불쑥 끼어듬, 인내심이 부족함, 감정 변화, 건망증, 대인관계 어려움, 우울, 충동 조절 어려움"
492,성장호르몬 결핍증(Growth hormone deficiency),"복부비만, 사춘기 지연, 기운없음, 피로감, 표준 신장의 3%이하"
493,소아청소년기 우울증(Depression in childhood and adolescence),"초조함, 수면장애, 우울, 감정 변화, 권태감"
494,수두증(Hydrocephalus),"눈운동신경마비, 시력 감소, 축 늘어짐, 수유 곤란, 마비, 기억장애, 유두부종, 두통, 구토"
495,수막종(Meningioma),"뇌전증 발작 , 언어장애, 시력 감소, 두통, 운동장애, 복시, 감정 변화"
496,수면 장애(Sleep Disorder),"입수면기의 환각, 수면 마비, 수면 중 이상한 행동, 수면 주기의 변화, 수면 무호흡, 수면 시작이 어려움, 낮 시간대의 졸음, 수면 유지가 어려움, 몽유병"
497,수면보행증(Somnambulism),"수면 중 보행, 깨어나면 기억하지 못함"
498,스터지 웨버 증후군(Sturge Weber Syndrome),"반점, 태아, 신생아의 정신 장애, 뇌전증 발작 , 안구돌출"
499,실어증(Aphasia),언어장애
500,악성 신경교종(Malignant Glioma),"두통, 기억장애, 뇌전증 발작"
501,안면 골절(Facial bone fracture),"치아 흔들림, 발음 이상, 저작장애, 안면부 열상, 안면부 출혈, 개 폐구 장애, 감각 이상, 치아의 탈락, 부정교합, 환부 통증"
502,안면인식장애(Prosopagnosia),"시야장애, 인지장애"
503,알츠하이머병(Alzheimer's disease),"실인증, 방향감각 상실, 시력 감소, 실행증, 섬망, 판단력장애, 기억장애, 언어장애, 조급증, 감정 변화, 우울"
504,얼렌 증후군(Irlen syndrome),"읽기 자체의 문제, 읽으려 하지 않음, 눈의 피로, 광과민성, 눈의 충혈"
505,외상 후 스트레스 장애(Post-traumatic stress disorder),"대인관계 어려움, 불안, 수면장애"
506,외상성 경막하 출혈(Traumatic subdural hemorrhage),"반신마비, 두통, 호흡곤란, 혼수, 구토"
507,외상성 치매 (Traumatic dementia),"인지장애, 기억장애, 언어장애, 변실금, 성격의변화"
508,외상에 의한 뇌 손상(Traumatic brain injury),"오심, 피로감, 감각 과민, 구토, 어지러움, 의식 변화, 기억장애, 두통, 경련, 혼수"
509,요붕증(Diabetes insipidus),"구강건조, 탈수, 갈증, 피부 건조, 구토, 다뇨, 열, 의식 저하, 경련"
510,운동신경 질환(Motor neuron disease),"기침, 호흡곤란, 체중감소, 근육경련, 삼키기 곤란 , 파행, 근력 약화"
511,원발성 중추신경계 림프종(Primary CNS lymphoma),"의식 변화, 뇌전증 발작 , 두통, 시력 감소, 구토"
512,윌슨병(Willson disease),"간기능 저하, 복부팽만감, 간부전, 삼키기 곤란 , 피로감, 간성뇌증, 무월경, 빈혈, 관절통, 황달, 떨림(진전), 혈뇨"
513,의상도착증(Transvestic fetishism),이성의 옷을 착용함
514,이차성 파킨슨증(Other parkinsonism),"연속동작의 느림, 근육강직, 떨림(진전), 서동"
515,인터넷 중독(Internet addiction),"대인관계 어려움, 산만함, 낮은 학업 성취, 조절할 수 없는 충동감, 충동 조절 어려움, 강박증"
516,일과성 뇌허혈증(Transient cerebral ischemia),"안면마비, 구토, 감각 이상, 파행, 어지러움, 언어장애"
517,일본 뇌염(Japanese encephalitis),"무증상, 열, 구토, 감각 이상, 의식 변화, 두통, 경련, 혼수"
518,자발성 두개강 내 출혈(Spontaneous intracranial hemorrhage),"어지러움, 편마비, 두통, 구토, 의식 변화, 고혈압"
519,자폐증 / 자폐 스펙트럼 장애(Autism spectrum disorder),"언어장애, 사회적 고립, 정신 지체, 상동적 행동"
520,잠금 증후군(Locked-in Syndrome),"눈운동신경마비, 안구 이상, 인지장애, 사지 마비, 기억장애, 뇌압상승증상, 언어장애"
521,주의력결핍 과잉행동장애(Attention-Deficit Hyperactivity Disorder),"인내심이 부족함, 대화에 불쑥 끼어듬, 손발을 계속 움직임, 산만함"
522,지루성 피부염(Seborrheric dermatitis),"피부 각질, 딱지, 피부소양감, 발적, 인설"
523,지적장애(Intellectual disability),"언어장애, 정신 지체, 행동장애, 정서장애"
524,지주막하 출혈(Subarachnoid hemorrhage),"눈꺼풀 처짐증, 두통, 혼수, 구토, 감각 이상, 경부 강직, 의식 저하, 호흡곤란, 반신마비, 경련, 심정지"
525,진행성 핵상마비(progressive supranuclear palsy),"운동장애, 안구 이상, 성격의변화, 치매, 발음 이상, 시야장애, 보행이상, 수면장애, 인지장애"
526,"척수소뇌성 운동실조증 (Spinocerebellar ataxia, SCA)","발음 이상, 손가락 운동장애, 보행이상, 운동장애, 삼키기 곤란"
527,척추 뇌저 동맥 증후군(Vertebro-basilar artery syndrome),"복시, 오심, 이명, 어지러움, 삼키기 곤란 , 두통, 발음 이상, 구토"
528,측두동맥염(Temporal arteritis),"근육통, 편두통, 시력 감소, 눈의 통증, 눈의 충혈, 식욕부진"
529,치매(Dementia),"기억장애, 언어장애, 혼돈, 성격의변화, 건망증, 지남력 장애, 감정 변화"
530,크로이츠펠트-야콥병(Creutzfeldt-Jakob disease),"건망증, 근육경련, 인지장애, 운동장애, 방향감각 상실"
531,탈모증(Alopecia),"모발이 가늘어짐, 원형, 타원형의 탈모, 이마가 넓어짐"
532,턱관절 장애(Temporomandibular joint disorders),"방사통, 개 폐구 장애, 두통, 턱의 통증, 관절잡음"
533,틱 장애(Tic),"이상한 소리를 냄, 비정상적인 움직임"
534,파킨슨병(Parkinson's disease),"경직, 자세이상, 손떨림, 자세 불안정, 떨림(진전), 서동, 수면장애, 보행이상"
535,편두통(Migraine),"구토, 오심, 빛이나 소리 공포증, 박동성 통증"
536,편집성 인격장애(Paranoid personality disorder),"긴장, 원한, 권리를 강하게 주장, 의심, 질투"
537,피질하 경색과 백질뇌증을 동반하는 상염색체 우성 뇌동맥질환(Cerebral Autosomal Dominant Arteriopathy with Subcortical Infarcts and Leukoencephalopathy),"언어장애, 우울, 치매, 시야장애, 편두통, 뇌전증 발작 , 마비"
538,해리 장애(Dissociative disorder),"이인증, 비현실감, 기억장애, 정체감 혼란 및 변형"
539,핵황달(Kernicterus),"근육강직, 후궁반장, 반사 이상, 뇌전증 발작 , 황달"
540,"행동 및 충동 장애(Disruptive, impulse-control and conduct disorders)","조절할 수 없는 충동감, 위험한 행동 반복, 낮은 지능, 낮은 학업 성취, 정서 및 행동의 일탈"
541,혈관성 치매(Vascular dementia),"언어장애, 인지장애, 감각 이상, 마비"
542,혼수(Coma),무의식
543,후두 신경통(Occipital Neuralgia),두통
544,갑상선 결절(Thyroid nodule),"호흡곤란, 갑상선 비대, 갑상선이 단단해짐, 삼키기 곤란"
545,갑상선 미분화암(Undifferentiated thyroid cancer),"목의 이물감, 목소리 변화, 삼키기 곤란 , 호흡곤란"
546,갑상선 수질암(Medullary thyroid cancer),"목의 이물감, 목소리 변화, 삼키기 곤란 , 호흡곤란"
547,갑상선 여포암(Follicular thyroid cancer),"목의 이물감, 목소리 변화, 호흡곤란, 삼키기 곤란"
548,갑상선 유두암(Papillary Carcinoma of Thyroid ),"호흡곤란, 목소리 변화, 덩어리가 만져짐, 목 주변 부종"
549,갑상선기능저하증(Hypothyroidism),"창백, 월경과다, 목소리 변화, 전신 부종, 추위를 못견딤, 체중증가, 식욕부진, 피부 건조, 피로감, 근육통"
550,갑상선기능항진증(Hyperthyroidism),"부정맥, 설사, 무월경, 안구돌출, 신경과민, 빈맥, 피부 건조, 불면증"
551,갑상선암(Thyroid cancer),"덩어리가 만져짐, 갑상선이 단단해짐, 결절, 삼키기 곤란 , 성대마비, 호흡곤란"
552,갑상선염(Thyroiditis),"갑상선 비대, 목의 통증, 갑상선이 단단해짐"
553,갑상선중독증(Thyrotoxicosis),"식욕증가, 신경과민, 불안, 더위를 못 견딤, 체중감소, 갑상선 비대, 손떨림, 생리불순, 안구돌출, 발한"
554,갑상설관 낭종(Thyroglossal duct cyst),"무증상, 목의 통증, 목의 이물감, 목 주변 부종"
555,거북목 증후군(Turtle neck syndrome),"목의 통증, 어깨의 통증, 어지러움, 불면증, 눈의 피로"
556,경동맥 협착증(Carotid artery stenosis),"무증상, 언어장애, 감각 이상, 어지러움, 반신마비"
557,경부 림프절염(Cervical lymphadenitis),"열, 압통, 통증 없는 부종"
558,경추 추간판 탈출증(Cervical HIVD),"저림, 손의 통증, 감각 이상, 마비, 목의 통증, 어깨의 통증"
559,기쿠치병(Kikuchi Disease),"관절통, 열, 체중감소, 발진, 식욕부진, 경부 림프절병증, 피로감"
560,낭포성 히그로마(Cystic hygroma),"호흡곤란, 삼키기 곤란 , 림프 부종"
561,디프테리아(Diphtheritia),"빈맥, 기운없음, 열, 목의 통증, 기침, 콧물"
562,림프관종(Lymphangioma),"덩어리가 만져짐, 발적"
563,바렛 식도(Barrett's esophagus),"식욕부진, 삼키기 곤란 , 작열감, 목의 이물감, 가슴 쓰림, 가슴 통증, 혈변, 토혈, 체중감소"
564,부갑상선기능저하증(Hypoparathyroidism),"뇌전증 발작 , 체모감소, 발육부전, 정신 지체, 근육경련, 근육강직, 치아발달장애, 저림, 불안, 우울"
565,부갑상선기능항진증(Hyperparathyroidism),"피부 긴장도 저하, 손,발,겨드랑이 발한, 근력 약화, 오심, 변비, 골다공증, 근육통, 우울, 식욕부진"
566,부갑상선암(Parathyroid Cancer),"골다공증, 덩어리가 만져짐, 변비, 목소리 변화, 뼈의 통증, 탈수"
567,산후 갑상선염(Postpartum thyroiditis),"불면증, 피부 긴장도 저하, 관절통, 근육통, 손떨림"
568,새열 낭종(Branchial Cyst),"목의 통증, 무증상, 열, 발음 이상, 삼키기 곤란"
569,선천성 갑상선기능저하증(Congenital hypothyroidism),"수유 곤란, 호흡곤란, 근긴장의 이상, 황달, 변비"
570,선천성 사경(Congenital (sternomastoid) torticollis),"사경, 흉쇄 유돌근의 몽우리, 안면 변형"
571,성대와 후두 결절(Nodules of vocal cord and larynx),"고음에서의 분열, 이중음성, 지속적인 애성, 음성피로"
572,성대와 후두 용종(Polyps of vocal cord and larynx),"고음에서의 분열, 지속적인 애성, 이중음성, 목소리 변화, 음성피로"
573,식도의 이물(Foreign body in esophagus),"식욕부진, 목의 이물감, 침 분비 증가, 삼키기 곤란 , 기침, 구토"
574,아데노이드의 비대를 동반한 편도의 비대(Hypertrophy of tonsils with hypertrophy of adenoids),"수면 무호흡, 호흡곤란, 삼키기 곤란 , 만성 부비동염, 코골이, 구강호흡"
575,유행성 이하선염(Mumps),"열, 근육통, 목 주변 부종, 두통, 귀의 통증"
576,인후두염(Laryngopharyngitis),"목의 통증, 삼키기 곤란 , 목소리 변화, 목의 이물감, 기침"
577,자가면역성 갑상선염(Autoimmune thyroiditis),"기운없음, 변비, 피로감, 체중증가"
578,타액선암(Malignant neoplasm of salivary glands),"목 주변 부종, 종양부위 부종, 턱의 통증, 경부 림프절병증, 목소리 변화, 안면마비, 목의 통증, 덩어리가 만져짐"
579,편도결석(tonsillolith),"노란 이물질, 목의 통증, 구취, 귀의 통증"
580,편도선염(Tonsillitis),"편도선 비대, 삼키기 곤란 , 열, 목의 통증"
581,편도암(Tonsillar cancer),"호흡곤란, 목의 이물감, 목의 통증, 삼키기 곤란"
582,후두개염(Epiglottitis),"청색증, 열, 호흡곤란, 사망, 목소리 변화"
583,후두암(Larynx  cancer),"천명음, 목소리 변화, 기침, 삼키기 곤란 , 경부 림프절병증, 객혈, 목의 통증, 목의 이물감, 체중감소"
584,후비루(Postnasal drip),"삼키기 곤란 , 기침, 목의 통증, 목의 이물감, 환부의 분비물, 헛기침, 콧물"
585,후종인대 골화증(Ossification of posterior longitudinal ligament),"저림, 상지 마비, 배뇨장애, 배변장애, 목의 통증, 보행이상, 하지 마비, 근력 약화, 감각 이상"
586,건초염(Tenosynovitis),"환부 부종, 환부 통증, 근위축"
587,결절종(Ganglion),"덩어리가 만져짐, 환부 통증"
588,곰팡이 감염(Fungal infection),"피부소양감, 피부 각질, 발가락 사이 갈라짐, 손,발톱이 갈라짐"
589,국소 다한증(Localized hyperhidrosis),"손,발,겨드랑이 발한, 겨드랑이 악취 , 피부염증"
590,내향성 손발톱(Ingrowing nails),"환부 통증, 환부 부종, 발적, 육아조직"
591,다발성 신경병증(Polyneuropathy),"시림, 저림, 손, 발 감각 저하"
592,당뇨병성 족부 질환(DM foot ulcer),"피부궤양, 감각 이상, 피부색 변화, 괴사, 저림, 시림, 피부 건조, 발가락의 변형"
593,레이노병(Raynaud'S Phenomenon),"궤양, 청색증, 말초 통증, 저림, 사지의 창백한 현상, 손의 통증"
594,망치족지(Hammer toe),"굳은 살, 발의 통증, 발가락의 변형"
595,무좀(Tinea pedis),"발바닥 피부 두꺼워짐, 발가락 사이 갈라짐, 피부 각질, 물집, 피부소양감"
596,무지외반증(Hallux valgus),"하지부종, 발바닥 피부 두꺼워짐, 발의 통증, 엄지 발가락의 돌출, 척추와 허리 디스크"
597,부가지(Accessory toe),손발가락이 6개 이상
598,선천성 편평발(Congenital pes planus [flat foot]),"발 안쪽 아치의 소실, 염좌, 안쪽 발이 튀어 나옴, 신발 안쪽이 주로 닳음"
599,소건막류(Bunionette),"발의 통증, 굳은 살"
600,수족냉증(Coldness of hands and feet),"시림, 환부 냉감"
601,아킬레스 건염(Achilles' tendonitis),"열감, 발의 통증, 환부 부종"
602,요족(Cavus foot),"보행이상, 갈퀴족지 , 발바닥 피부 두꺼워짐, 발의 통증, 요통"
603,조갑 이영양증(Nail dystrophy),색깔이 퇴색해보임
604,조갑백선(Tinea unguium),"손,발톱이 갈라짐"
605,조갑주위염(Paronychia),"손,발톱이 두꺼워짐, 발적, 손,발톱이 갈라짐, 고름, 압통"
606,족저 근막염(Plantar Fasciitis),"압통, 발의 통증"
607,지간 신경종(Interdigital neuroma),"저림, 무감각, 발의 통증"
608,통풍(Gout),"발의 통증, 오한, 열, 환부 부종, 무릎 부위 통증"
609,티눈 및 굳은살(Corns and callosities),"각질이 딱딱해짐, 피부 각질"
610,간 전이(Liver Metastasis),"황달, 식욕부진, 복부 통증, 체중감소"
611,간 혈관종(Hepatic hemangioma),"오심, 포만감, 무증상, 복부 불편감"
612,간경화(Liver cirrhosis),"황달, 복수, 복부 불편감, 식욕부진, 피로감, 체중감소, 피부 긴장도 저하, 오심"
613,간내 담석(IHD stone),"복부 통증, 열, 소화불량, 황달, 악취가 나는 설사"
614,간농양(Liver abscess),"황달, 기운없음, 간비대, 구토, 열, 오심, 오한, 복부 통증, 압통, 설사"
615,간디스토마(Clonorchisis sinensis),"무증상, 황달, 담도감염, 간비대, 복부 통증, 소화불량, 설사"
616,간문부 담관암(Klatskin's tumor),"황달, 열, 빈혈, 체중감소, 회색변, 진한 소변색, 식욕부진, 피부소양감"
617,간성 뇌증(Hepatic encephalopathy),"불면증, 인지장애, 혼돈, 혼수, 자세 불안정, 감정 변화"
618,간세포성 암종(Hepatocellular carcinoma),"체중감소, 황달, 복부 통증, 덩어리가 만져짐, 무증상"
619,간신 증후군(Hepatorenal syndrome),"진한 소변색, 소변량 감소, 전신 부종, 황달, 피부소양감, 혼돈"
620,간염(Hepatitis),"관절통, 황달, 기운없음, 열, 오심, 간성뇌증, 피로감, 근육통, 식욕부진, 진한 소변색, 복부 불편감, 구토, 복수, 간부전, 두통, 피부소양감"
621,간의 양성 신생물(Benign neoplasm of the liver),"무증상, 복부 통증, 오심, 복부 압박 증상, 구토, 복부팽만감"
622,간이식 후 상태(Liver Transplantation status),복부 통증
623,갈색세포종(Pheochromocytoma),"가슴 두근거림, 발한, 어지러움, 고혈압"
624,게실 질환(Diverticular disease),"복부 통증, 배변습관의 변화, 변비, 복부팽만감, 오한, 위장관 출혈, 열"
625,결핵성 복막염(Tuberculous peritonitis),"열, 빈맥, 빈호흡, 발한, 복부팽만감, 복수, 압통, 식욕부진, 권태감, 체중감소, 오심, 복부 통증"
626,경화성 담관염(Sclerosing cholangitis),"식욕부진, 체중감소, 복부 통증, 황달, 피부소양감"
627,궤양성 대장염(Ulcerative colitis),"탈수, 변비, 점액변, 혈변, 빈혈, 체중감소, 설사, 복부 통증, 열"
628,급성 A형 간염(Acute hepatitis A),"감기 증상, 황달, 오심, 권태감, 설사, 열, 구토, 진한 소변색, 복부 통증, 식욕부진"
629,급성 B형 간염(Acute hepatitis B),"설사, 오심, 열, 황달, 피부소양감, 구토, 진한 소변색, 권태감, 근육통"
630,급성 C형 간염(Acute hepatitis C),"열감, 피로감, 근육통, 황달, 콧물, 복부 불편감, 진한 소변색, 식욕부진, 피부소양감"
631,급성 간질성 신염(Acute tubulo-interstitial nephritis),"발진, 관절통, 단백뇨, 혈뇨, 요통, 고혈압, 열"
632,급성 담낭염(Acute cholecystitis),"복부 통증, 오심, 열, 구토"
633,급성 바이러스성 간염(Acute viral hepatitis),"근육통, 황달, 구토, 복부 통증, 식욕부진, 권태감, 관절통, 감기 증상, 피로감, 피부소양감, 피부 긴장도 저하, 오심"
634,급성 신부전(Acute renal failure),"쇼크, 저혈량 쇼크, 전신 부종, 경련, 구토, 소변량 감소, 탈수, 오심, 산혈증, 무뇨"
635,급성 위장염(Acute gastroenteritis),"열, 복부 통증, 설사, 탈수, 구토, 복부팽만감, 두통"
636,급성 충수염(Acute appendicitis),"오심, 설사, 열, 구토, 식욕부진, 복부 통증"
637,급성 췌장염(Acute pancreatitis),"복부 통증, 오심, 구토, 황달, 회색변, 열, 복부팽만감"
638,기능성 위장 장애(Functional Gastrointestinal Disorder),"설사, 트림, 변비, 복부팽만감, 소화불량"
639,"난소난관염(Oophoritis, Ovaritis)","열, 비정상적 질출혈, 비정상적 질 분비물, 복부 통증"
640,낭성 신장 질환(Cystic kidney disease),"무증상, 오심, 옆구리 통증"
641,단장 증후군(Short Bowel Syndrome),"복부 통증, 지방변, 빈혈, 체중감소, 설사"
642,담관암(Cholangiocarcinoma),"진한 소변색, 체중감소, 황달, 회색변, 피부소양감"
643,담낭 선근종증(Aadenomyomatosis of Gallbladder),"산통, 무증상, 복부 통증"
644,담낭 용종(GB polyp),"복부 통증, 무증상"
645,담낭암(GB cancer),"식욕부진, 오심, 복부 통증, 황달, 체중감소, 구토"
646,담석(GB stone),"오심, 황달, 복부 통증, 열, 오한, 소화불량, 구토"
647,대장 용종(Polyp of colon),"점액변, 장폐색, 무증상, 설사, 혈변, 복부 통증"
648,대장염(Colitis),"배변습관의 변화, 설사, 점액변"
649,대장의 양성 종양(Benign colon tumor),"점액변, 혈변"
650,덤핑 증후군(Dumping syndrome),"복부 통증, 복부팽만감, 구토, 저혈당, 오심, 빈맥, 어지러움"
651,독성 간염(Toxic hepatitis),"관절통, 황달, 무증상, 열, 복부 통증, 오심, 피로감, 식욕부진, 구토, 발진"
652,레리시 증후군(Leriche Syndrome),"발기부전, 저림, 불임"
653,만성 B형 간염(Chronic hepatitis B),"열, 무증상, 관절통, 식욕부진, 진한 소변색, 복부 통증, 구토, 황달, 오심, 피부소양감"
654,만성 C형 간염(Chronic hepatitis C),"피로감, 소화불량, 무증상, 복부 불편감, 황달"
655,만성 담낭염(Chronic cholecystitis),"구토, 복부 불편감, 오심, 방사통"
656,만성 신부전(Chronic renal failure),"복수, 혼수, 만성 신부전, 식욕부진, 피부 긴장도 저하, 고혈압, 빈혈, 피로감, 피부소양감, 감각 이상, 면역기능 이상"
657,만성 위염(Chronic gastritis),"복부 통증, 오심, 가슴 답답, 설사, 토혈, 복부 압박 증상, 소화불량, 복부팽만감, 권태감"
658,만성 췌장염(Chronic pancreatitis),"방사통, 지방변, 체중감소, 복부 통증, 당뇨"
659,말기 신질환(End stage renal disease),"멍, 무뇨, 오심, 피로감, 출혈 경향성, 소변량 감소, 혼수, 피부소양감, 전신 부종, 혈변"
660,말로리-바이스 증후군(Mallory-weiss Syndrome),"토혈, 구토, 오심, 위장관 출혈"
661,맹장염(Appendicitis),"복부 통증, 변비, 옆구리 통증, 압통, 설사"
662,메켈 게실(Meckel's diverticulum),"피부 긴장도 저하, 창백, 철결핍성 빈혈, 구토, 장폐색, 혈변"
663,문맥색전증(Portal vein thrombosis),"저혈압, 문맥성고혈압, 복수"
664,바이러스성 장염(Viral enteritis(Rota)),"열, 탈수, 구토, 콧물, 설사, 기침"
665,바터 팽대부 암(AOV cancer),"황달, 복부 통증, 체중감소, 피로감, 회색변, 식욕부진, 진한 소변색, 피부소양감, 흑색변"
666,반티 증후군(Banti syndrome),"혈소판감소 , 복부 통증, 빈혈, 위장관 출혈"
667,반흔 탈장(Incisonal hernia),"탈장 부위의 통증, 탈장, 탈장 돌출, 복부팽만감"
668,배꼽염(Omphalitis),"악취, 발적, 배꼽의 고름 및 피"
669,버드 키아리 신드롬(Budd-Chiari syndrome),"문맥성고혈압, 간비대, 복부 통증, 복수"
670,복강 내 출혈(Intraperitoneal Bleeding),"빈맥, 저체온, 저혈압, 어지러움, 창백, 복부 통증"
671,복막염(Peritonitis),"호흡곤란, 저혈압, 복부 통증, 복부팽만감, 복부경련, 열, 빈맥, 구토"
672,복부 대동맥류(Abdominal aortic Aneurysm),"복부의 박동감, 복부 통증, 쇼크, 요통, 복부팽만감"
673,복수(Ascites),"호흡곤란, 소변량 감소, 체중증가, 전신 부종, 탈장, 경정맥 확장"
674,부신 기능부전(Adrenal insufficiency),"구토, 식욕부진, 권태감, 피로감, 체중감소, 저혈당, 의식 저하, 색소 침착, 오심, 복부 통증, 열, 체모감소, 저혈압"
675,부신 종양(Adrenal tumor),"당뇨, 기운없음, 발한, 체중감소, 유방의 과다 성장, 가슴 두근거림, 남성스러운 목소리, 복부 통증, 얼굴에 털이 자람, 고혈압, 근력 약화, 남성의 여성형 유방"
676,부신암(Adrenal gland cancer),"여드름, 복부 불편감, 복부팽만감, 전신 부종, 성기능 장애, 달모양의 둥근 얼굴, 생리불순, 식욕부진, 근위축, 당뇨, 빈혈, 복부비만, 체중감소, 고혈압"
677,비만(Obesity),"관절통, 수면 무호흡, 호흡곤란, 고혈압, 불임, 관절염, 심혈관계 증상"
678,비장암(Spleen Cancer),"열, 비정상적 질출혈"
679,석회화 담낭(Porcelain GB),"구토, 복부 통증, 무증상, 오심"
680,선모충증(Trichinellosis),"열, 호흡곤란, 근육통, 복부 통증, 구토, 말초 신경장애, 무증상, 설사"
681,선천성 거대결장증(Hirschsprung disease),"탈수, 복부팽만감, 저체중, 구토, 변비"
682,선천성 담관 폐쇄증(Congenital Atresia of Bile Ducts),"황달, 비장비대, 흑색변, 회색변, 복수, 간비대, 진한 소변색"
683,"선천성 소장 결손, 폐쇄 및 협착(Congenital absence, atresia and stenosis of intestine)","복부팽만감, 초록색 구토"
684,성선기능저하증(Hypogonadism),"체모감소, 성욕감퇴, 무월경, 생리불순, 성기크기 감소, 희발월경, 발한, 근력 약화, 유방 크기의 감소, 생리량 감소, 발기부전, 음낭이 잘 발달하지 않음, 안면홍조"
685,셀리악병(Celiac disease),"복부 통증, 생리불순, 피부 긴장도 저하, 발진, 체중감소, 식욕부진, 우울, 설사"
686,소장암(Small bowel cancer),"황달, 요통, 무증상, 복부팽만감, 복부 불편감, 위장관 출혈, 장폐색, 식욕부진, 체중감소, 안면홍조, 천식, 설사, 피부홍조, 복부 통증"
687,소장의 혈관 장애(Vascular disorders of intestine),"복부 통증, 오심, 흡수장애, 설사, 체중감소, 혈변, 구토, 저혈압, 빈혈"
688,소화관의 이물(Foreign body in alimentary tract),"호흡곤란, 천명음, 삼키기 곤란 , 구토, 침 분비 증가, 목의 이물감"
689,소화불량(Dyspepsia),"가슴 쓰림, 구토, 체중감소, 트림, 복부 통증, 포만감, 식후 불쾌감"
690,식도 정맥류(Esophageal varices),"구토, 빈혈, 오심, 호흡곤란, 빈맥, 발한, 토혈"
691,식도암(Esophageal cancer),"구토, 목소리 변화, 체중감소, 삼키기 곤란 , 기침, 토혈"
692,식도염(Esophagitis),"흑색변, 삼키기 곤란 , 오한, 열, 작열감, 구토, 토혈, 오심"
693,식중독(Foodborne illness),"두드러기, 설사, 구토, 복부 통증, 열"
694,신경모세포종(Neuroblastoma),"빈맥, 호흡곤란, 하지부종, 안면홍조, 발한, 축 늘어짐, 복부팽만감, 얼굴부종, 보챔, 체중감소"
695,신동맥 협착증(Renal artery stenosis),"운동 시 호흡곤란, 오심, 고혈압, 피로감, 빈혈, 식욕부진, 경련, 신부전, 소변량 감소"
696,신부전(Renal failure),"피부 긴장도 저하, 신부전, 전신 부종, 얼굴부종"
697,신생아 괴사성 장염(Necrotizing enterocolitis of fetus and newborn),"복부팽만감, 신경과민, 기민상태, 저체온, 혈변, 설사, 구토, 서맥, 무호흡"
698,신생아 답즙정체증(Neonatal Cholestasis),"비장비대, 회색변, 지방변, 발육부전, 출혈 경향성, 피부소양감, 간비대, 복수, 진한 소변색"
699,신증후군(Nephrotic syndrome),"거품있는 소변, 가래, 기침, 호흡곤란, 전신 부종, 단백뇨, 복부팽만감, 눈 주변 부종, 하지부종"
700,십이지장 궤양(Duodenal ulcer),"복부 통증, 흑색변, 장폐색, 위장관 출혈, 구토, 가슴 쓰림, 소화불량, 가슴 통증, 토혈, 빈혈"
701,십이지장염(Duodenitis),"트림, 소화불량, 가슴 쓰림, 구토, 복부 통증, 열, 복부팽만감, 식욕부진, 오심"
702,쌍태아 수혈 증후군(Twin to twin Transfusion Syndrome),"심부전, 양수의 감소, 발육부전, 빈혈, 태아 저체중"
703,아메바성 간농양(Amebic liver abscess),"늑막삼출, 복부 통증, 설사, 열"
704,아메바성 이질(Amebic dysentery),"복부 통증, 잔변감, 혈변, 설사"
705,알코올성 간질환(Alcoholic liver disease),"황달, 기운없음, 무증상, 열, 복부 통증, 복수, 간성뇌증, 피로감, 식욕부진, 위장관 출혈, 구토, 오심"
706,양수과다증(Hydramnios),"비정상적인 진통, 소화불량, 호흡곤란"
707,영아 비대성 유문협착증(IHPS (infantile hypertrophic pyloric stenosis)),"탈수, 분출성 구토, 위의 연동운동이 보임, 영양 불량"
708,요관 결석(Ureteral stone),"빈뇨, 복부팽만감, 혈뇨, 오심, 구토, 옆구리 통증"
709,원발성 담즙성 경화증(Primary Biliary cirrhosis),"황달, 간비대, 피부소양감"
710,위 유암종(Gastric Carcinoid Tumor),"복부 통증, 위장관 출혈, 빈혈, 소화불량, 구토"
711,위 정맥류(Gastric varices),"혈변, 오심, 빈혈, 운동 시 호흡곤란, 토혈, 발한, 구토"
712,위경련(Stomach cramp),"오심, 구토, 복부 통증"
713,위궤양(Gastric ulcer),"복부 통증, 오심, 체중감소, 흑색변, 식욕부진, 위장관 출혈, 구토, 가슴 쓰림, 소화불량, 복부팽만감, 작열감, 토혈, 빈혈"
714,위막성 대장염(Pseudomembranous colitis),"백혈구 증가, 열, 혈변, 산통, 설사, 복부 통증"
715,위말트 림프종 (Gastric MALT lymphoma),"무증상, 복부 통증, 위장관 출혈, 식욕부진, 체중감소"
716,위선종(Gastric adenoma),무증상
717,위암(Stomach cancer),"식욕부진, 토혈, 복부 통증, 흑색변, 빈혈, 구토, 체중감소, 복부팽만감, 소화불량, 복부 불편감, 혈변"
718,위염(Gastritis),"무증상, 위염, 오심, 복부 통증, 복부 불편감, 구토"
719,위용종(Gastric polyp),"위장관 출혈, 구토, 무증상, 소화불량, 설사, 복부 통증"
720,위장관 결핵(Gastrointestinal tuberculosis),"기운없음, 열, 복부 통증, 오심, 설사, 체중감소, 변비, 혈변, 식욕부진, 복부팽만감, 발한, 악취가 나는 설사, 피로감"
721,위장관 기질 종양(Stomach GIST),"빈혈, 구토, 항문 통증, 복부 통증, 열, 혈변, 변비, 오심, 토혈, 덩어리가 만져짐"
722,위장관 출혈(Gastrointestinal hemorrhage),"창백, 빈맥, 어지러움, 혈변, 토혈, 호흡곤란"
723,윌름즈 종양(Wilms Tumor),"복부 통증, 덩어리가 만져짐, 혈뇨, 고혈압, 열"
724,유당분해효소결핍증(Lactose intolerance),"복부 통증, 설사, 복부팽만감, 오심, 복부 불편감"
725,이소성 췌장(Ectopic pancreas),"무증상, 복부 통증, 복부팽만감, 구토, 오심"
726,자가면역성 간염(Autoimmune hepatitis),"전신 부종, 출혈 경향성, 식욕부진, 피로감, 피부 긴장도 저하, 관절통, 오심, 구토, 황달, 위장관 출혈, 관절염"
727,자극성 장 증후군(Irritable bowel syndrome),"설사, 복부 통증, 변비, 점액변, 체중감소"
728,장간막 동맥 혈전증(Mesenteric Arterial Thrombosis),"복부 불편감, 복부 통증, 체중감소"
729,장간막 정맥 혈전증(Mesenteric Venous Thrombosis),"복부 통증, 복부 불편감, 오심, 설사, 구토, 식욕부진, 위장관 출혈"
730,장염전(Volvulus),"복부 통증, 오심, 혈변, 변비, 구토, 복부팽만감, 장폐색"
731,장유착(Intestine adhesions),"복부 통증, 소화불량, 구토, 변비, 체중감소"
732,장중첩증(Intussusception),"혈변, 복부 통증, 덩어리가 만져짐, 점액변, 구토"
733,장출혈성 대장균 감염증(Enterohemorrhagic Escherichia coli),"복부경련, 혈변, 빈혈, 설사, 복부 통증, 요독증, 혈소판감소"
734,장티푸스(typhoid fever),"변비, 반점, 두통, 열, 설사, 오한"
735,재발성 탈장(Recurrent hernia),"복부팽만감, 탈장 돌출, 탈장, 탈장 부위의 통증"
736,전격성 간염(Fulminant Hepatic Failure),"다발성 장기부전 증상, 급성 신부전, 간성뇌증, 출혈 경향성, 뇌부종"
737,"전이성 신장암(Kidney, cancer, metastatic)","고혈압, 호흡곤란, 혈뇨, 기침, 두통"
738,제대 탈장(Umbilical hernia),"손가락으로 밀면 들어감, 탈장 돌출, 탈장 부위의 통증, 탈장, 배꼽이 솟음"
739,조기 위암(Early gastric cancer),"무증상, 오심, 토혈, 소화불량, 복부 불편감"
740,지방간(Fatty liver),"기운없음, 무증상, 피로감, 식욕부진, 복부 불편감"
741,직장 유암종(Rectal Carcinoid Tumor),"무증상, 복부 통증, 항문출혈, 환부 통증, 체중감소"
742,진행성 위암(Advanced gastric cancer),"소화불량, 복부팽만감, 삼키기 곤란 , 토혈, 구토, 복부 불편감, 위장관 출혈, 빈혈, 체중감소, 오심, 복부 통증, 흑색변"
743,총담관 낭(Choledochal cyst),"덩어리가 만져짐, 진한 소변색, 회색변, 복부 통증, 오심, 구토, 황달, 복부 불편감"
744,총담관 담석(CBD stone),"복부 통증, 열, 오한, 무증상, 오심, 구토, 황달"
745,충수암(appendiceal carcinoma),"열, 구토, 오한, 복부 통증, 식욕부진"
746,췌장 전이암(Pancreatic metastasis),"황달, 기운없음, 발한, 열, 복부 통증, 체중감소, 식욕부진"
747,췌장암(Pancreatic cancer),"구토, 열, 복부 통증, 회색변, 지방변, 황달, 오심, 체중감소"
748,췌장염(Pancreatitis),"영양 불량, 복부 통증, 설사, 체중감소, 당뇨, 압통, 구토, 요통"
749,카롤리병(Caroli’s disease),"복부 통증, 복부팽만감, 체중감소, 황달"
750,콜레라(Cholera),"탈수, 오심, 설사, 열, 구토"
751,크론병(Crohn's disease),"관절염, 골다공증, 열, 복부 통증, 구토, 관절통, 식욕부진, 발한, 혈변, 피로감, 체중감소, 설사, 오심"
752,탈항(Anal prolapse),"치핵의 탈출, 항문출혈, 소양감"
753,파라티푸스(Paratyphoid fever),"복부 통증, 발진, 두통, 설사"
754,헬리코박터균 감염(Helicobacter pylori infection),"소화불량, 십이지장궤양, 위궤양, 무증상, 위염"
755,화농성 간농양(Pyogenic liver abscess),"황달, 오심, 근육통, 식욕부진, 복부 통증, 구토, 열"
756,감돈포경(Paraphimosis),"귀두가 울혈됨, 배뇨곤란, 생식기 통증"
757,고환 여성화 증후군(Testicular feminization syndrome),"질은 없거나 짧은 맹관, 원형, 타원형의 탈모, 무월경, 자궁이 없음"
758,고환 종양(Tumors of testis),"고환 불쾌감, 고환에 낭이 만져짐, 생식기 부종, 생식기 통증"
759,고환염(Orchitis),"탁한 소변, 열, 생식기 부종"
760,고환의 염전(Torsion of testis),"오심, 골반 통증, 구토, 빈뇨"
761,귀두포피염(Balanoposthitis),"고름, 배뇨곤란"
762,급성 질염(Acute vaginitis),"배뇨 시 통증, 비정상적 질 분비물, 배뇨곤란, 소양감, 작열감, 악취"
763,남성 불임(Male infertility),"무증상, 성생활이 힘듦"
764,노인성 질염(Senile (atrophic) vaginitis),"비정상적 질 분비물, 소양감, 작열감, 질의 건조함"
765,단순 포진(Herpes Simplex),"물집, 작열감, 소양감"
766,대장균 감염(Escherichia coli (E. coli) infection),"설사, 구토, 복부 통증, 두통"
767,매독(Syphilis),무증상
768,모호한 생식기(Ambiguous genitalia),"부분적 음순융합, 음핵비대, 무월경, 미소음경(micropenis), 외부 생식기가 모호함"
769,무른 궤양(Chancroid),"림프 부종, 환부의 분비물, 생식기 궤양"
770,바르톨린샘의 고름집(Abscess of Bartholin's gland),"반점, 환부 부종, 환부 통증"
771,부고환염(Epididymitis),"열, 생식기 통증, 배뇨곤란"
772,사춘기 조숙(Precocious puberty),"남: 9세 전 2차 성징, 여: 8세 전 2차 성징"
773,여성 불임(Female infertility),"복부 통증, 생리불순, 월경과다"
774,외음부암(Vulvar Cancer),"소양감, 환부 부종, 생식기 출혈"
775,요도하열(Hypospadias),"정상적인 성생활 불가능, 요도가 아랫쪽에 위치"
776,음경 발기지속증(Priapism),지속 발기
777,음경만곡증(Peyronie’s disease),음경이 휘어짐
778,음경암(Penis Cancer),"생식기 궤양, 환부의 분비물, 덩어리가 만져짐, 빈뇨, 결절, 생식기 통증, 림프 부종"
779,"음낭 내 부속기 염전(Intrascrotal appendage, torsion)",음낭 부종
780,인유두종 바이러스 감염증(Human papiloma virus infection),"결절, 무증상"
781,자궁 육종(Sarcoma of Uterus),"복부 통증, 비정상적 질출혈, 이물감"
782,자궁 탈출증(Uterine Prolapse),"복부 압박 증상, 배뇨곤란, 질 밖으로 빠지는 느낌, 무증상, 달걀 위에 앉아있는 느낌"
783,잠복고환증(Cryptorchidism),"음낭이 잘 발달하지 않음, 음낭이 작아 보임, 골반 통증"
784,정계정맥류(Varicocele),"생식기 부종, 생식기 통증, 불임, 음낭 부종"
785,정자부족증(Oligospermia),무증상
786,조기 진통(Preterm labour),"태아의 하강감, 아랫배가 뭉침, 복부 통증, 자궁 수축"
787,조루증(Premature ejaculation),사정이 일찍 됨
788,질암(Vaginal Cancer),"생식기 출혈, 비정상적 질 분비물, 비정상적 질출혈, 배뇨 시 통증, 골반 통증"
789,첨형 콘딜로마(Condyloma accuminatum),"생식기 출혈, 회음부의 작은 돌기, 소양감"
790,칸디다성 외음질염(Candidal vulvovaginitis),"비정상적 질 분비물, 환부 부종, 소양감, 생식기 통증, 배뇨 시 통증"
791,트리코모나스증(Trichomoniasis),"소양감, 작열감, 발적, 비정상적 질 분비물"
792,파라핀종(Paraffinoma),"열감, 피부소양감, 괴사, 피부궤양, 환부 통증"
793,폐경(Menopause),"두통, 불면증, 불안, 요통, 피로감, 감정 변화, 발한, 가슴 두근거림, 성욕감퇴, 관절통, 건망증, 안면홍조"
794,포경(Phimosis),"발적, 생식기 부종"
795,헤르페스 바이러스 감염(Herpesviral infection),"물집, 피부염증"
796,혈뇨(Hematuria),"배뇨 시 통증, 하지부종, 혈뇨, 옆구리 통증, 빈뇨, 진한 소변색, 열"
797,혈정액증(Hematospermia),"혈뇨, 배뇨곤란, 피가 정액에 나옴, 회음부 불쾌감"
798,회음 괴저(Fournier's gangrene),"변실금, 생식기 통증, 생식기 부종, 청색증, 오한, 열감"
799,회음 열상(Perineal laceration),"회음부의 파열, 생식기 출혈"
800,희발월경(Oligomenorrhea),"어깨의 통증, 여드름, 두통, 희발월경"
801,듀피트렌 구축(Dupuytren's contracture),"덩어리가 만져짐, 손가락 운동장애"
802,무지(엄지)중수지관절측부인대손상(Gamekeeper's thumb),손의 통증
803,방아쇠 수지(Trigger finger),"손가락 운동장애, 손가락의 변형, 관절잡음, 손의 통증"
804,선천성 손 기형(Congenital hand anomaly),"다지증, 열수, 합지증, 손가락의 변형"
805,손목 수근관 증후군(Carpal tunnel syndrome),"손가락 힘이 약해짐, 감각 이상, 손의 통증, 저림"
806,수부 습진(Hand Eczema),"열, 색소 침착, 소양감, 피부가 두꺼워짐, 피부균열, 물집"
807,수부 외상(Hand trauma),"손상 부위 출혈, 손가락의 변형, 손상부위 촉각 소실, 환부 부종"
808,변실금(Fecal incontinence),변실금
809,요충증(Enterobiasis),"소양감, 대변에 벌레 관찰됨"
810,욕창(Skin defect (and/or) soft tissue defect),"열감, 피부궤양, 피부색 변화, 발적, 환부 부종, 괴사, 물집, 피부균열"
811,치핵(Hemorrhoids),"항문출혈, 치핵의 탈출, 항문 통증"
812,항문 누공(Anal fistula),"고름, 항문 통증, 열, 항문주위 염증"
813,항문 열구(Anal fissure),"항문주위 염증, 항문 통증, 항문출혈"
814,항문 주위 농양(Perianal abscess),"고름, 항문주위 염증, 항문 통증, 열"
815,항문소양증(Pruritusani),"소양감, 항문주위 염증, 발적"
816,항문암(Anal cancer),"항문출혈, 소양감, 고름, 변실금, 배변습관의 변화"
817,여성형 유방(Gynecomastia),"무증상, 유방의 멍울"
818,유관 확장증(Mammary duct ectasia),"유방 통증, 유방의 멍울"
819,유방 농양(Abscess of breast),"발적, 유방 통증, 유방의 멍울, 열감"
820,유방 상피내암(Carcinoma In Situ of Breast),"환부의 분비물, 유방의 멍울"
821,유방 종양(Breast mass),"유방 통증, 유방의 멍울"
822,유방 파제트병 (Pagets disease of the Breast),"반점, 환부의 분비물, 덩어리가 만져짐, 습진, 소양감, 궤양"
823,유방암(Breast cancer),"유방 통증, 유방의 멍울, 환부의 분비물, 겨드랑이 멍울"
824,유방의 미세석회화(Microcalcification of breast),무증상
825,유방의 섬유선종(Fibroadenoma of breast),"무증상, 유방의 멍울"
826,유방의 엽상 종양(Benign phyllodes tumor of breast),유방의 멍울
827,유방의 유선관 내 유두종(Intraductal papilloma of breast),유방의 멍울
828,유방통(Mastodynia),"어깨의 통증, 팔의 통증, 방사통, 유방 통증"
829,유선염(Mastitis),"유방 통증, 열, 오한"
830,괴혈병(scurvy),"철결핍성 빈혈, 출혈 경향성, 뼈의 변형, 식욕부진, 기운없음, 권태감"
831,구강암(Oral Cancer),"종양부위 부종, 치아 흔들림, 덩어리가 만져짐, 목의 통증, 구강궤양, 삼키기 곤란 , 턱의 통증, 감각 이상, 목소리 변화"
832,구개열(Cleft palate),"얼굴형태의 이상, 수유 곤란, 발음 이상, 치아발달장애, 청력장애"
833,구순열(Cleft lip),"치아발달장애, 발음 이상, 입술, 입천장의 기형, 수유 곤란, 얼굴형태의 이상"
834,구순염(Cheilitis),"입 주변 부종, 소양감, 입술 갈라짐"
835,구순포진(Herpes labialis),"소양감, 피부색 변화, 물집, 작열감"
836,근단 주위 농양(Periapical abscess with sinus),"열, 이가 시림, 잇몸염증, 두통, 치근단 부위 부종"
837,만성 치주염(Chronic periodontitis),"고름, 치아 흔들림, 치아가 솟은 느낌, 치아 벌어짐, 구취, 잇몸염증, 치아 통증"
838,매복 사랑니(Impacted teeth),"치아 통증, 입 주변 부종"
839,무치아증(Anodontia),"안면 변형, 저작장애"
840,발육성 치성 낭종(Developmental odontogenic cysts),"신생아-백색의 결절, 입 주변 부종, 무증상"
841,설소대 단축증(Tongue tie),"수유 곤란, 구취, 혀끝이 w모양, 발음 이상"
842,설통(Glossodynia),"혀의 통증, 미각이상, 작열감"
843,성홍열(Scarlet fever),"편도선 비대, 열, 식욕부진, 구토, 딸기혀, 발진"
844,안면 비대칭(Facial asymmetry),"얼굴 중심선이 안맞음, 부정교합, 삐뚤어진 눈, 코, 입, 광대뼈 위치 이상, 한쪽 입 꼬리의 상승"
845,치근낭(Radicular cyst),"치아 흔들림, 치근단 부위 부종"
846,치아 우식증[충치](Dental Caries),"이가 시림, 치아 통증"
847,치열 궁 관계 이상(Anomalies of dental arch relationship),"발음 이상, 저작장애, 얼굴모양변화"
848,치은염(Gingivitis),"잇몸염증, 구취"
849,치조골염(Alveolar ostitis),"구취, 환부 부종, 열, 고름"
850,치주 농양(Periodontal abscess),"환부 부종, 고름, 치아 통증, 발적"
851,침샘염(Sialoadenitis),"얼굴부종, 목 주변 부종"
852,칸디다성 구내염(Candidal stomatitis),"열, 식욕부진, 하얀 반점, 환부 통증, 구취"
853,타석증(Sialolithiasis),턱의 통증
854,턱관절 탈구(Luxation of the mandible),"두통, 개 폐구 장애, 하악전돌"
855,턱뼈 성장 이상(Anomalies of the jaw),"발음 이상, 저작장애, 턱의 통증, 얼굴모양변화"
856,턱의 기타 낭증(Other cysts of jaw),"입 주변 부종, 무증상"
857,편평 태선(Lichen Planus),"적색의 각질화된 피부, 구강궤양, 결절, 피부소양감"
858,18번 염색체 단완결실 증후군(18p monosomy),"얼굴형태의 이상, 사시, 눈 사이가 멀어보임, 정신 지체, 눈꺼풀 처짐증"
859,18번 염색체 장완결실 증후군 (18q monosomy),"정신 지체, 음낭에 없는 고환,부고환, 얼굴형태의 이상, 근긴장의 이상"
860,22번 염색체 장완 미세결실 증후군(CATCH22),"잦은 감염, 입술, 입천장의 기형, 음낭에 없는 고환,부고환, 척추 측만, 잦은 상기도 감염, 얼굴형태의 이상, 눈 사이가 멀어보임, 행동장애, 청력장애"
861,4번 염색체 단완결실 증후군(Wolf-Hirschhorn syndrome),"사시, 얼굴모양변화, 귀 모양의 변형, 요도가 아랫쪽에 위치"
862,"ARC 증후군(Arthrogryposis, Renal dysfunction, Cholestasis, ARC syndrome)","근긴장의 이상, 황달, 관절 구축, 색소 침착"
863,Haw River 증후군(Dentatorubro-Pallidoluysian atrophy(DRPLA)),"운동장애, 정신 지체, 뇌전증 발작"
864,Rh 부적합 임신(Rh Incompatibility pregnancy),"황달, 빈혈, 간부전, 간비대, 복수, 호흡곤란, 비장비대, 폐출혈, 심부전"
865,XXX 증후군(XXX syndrome),"불임, 귀 모양의 변형"
866,XYY 증후군(XYY syndrome),"손가락의 변형, 탈장"
867,가스 괴저(Gas gangrene),"열감, 마찰음 , 환부 통증, 환부의 분비물, 환부 부종"
868,가와사키병(Kawasaki Disease),"점막변화, 기침, 열, 경부 림프절병증, 복부 통증, 설사, 발진"
869,감염성 근육염(Infective myositis),"피부염증, 압통, 발진, 환부 부종, 열감"
870,감염성 단핵구증(Infectious mononucleosis),"압통, 열, 발진, 열감, 오한, 기운없음, 삼키기 곤란 , 목의 통증"
871,감염성 홍반(Erythema infectiosum),"두통, 열, 식욕부진, 권태감, 안면홍조"
872,거대적혈모구빈혈(Megaloblastic anemia),"창백, 기억장애, 의식 변화, 저림, 황달, 피로감, 운동 시 호흡곤란, 근력 약화"
873,결절성 경화증 (Tuberous sclerosis),"하얀 반점, 경련, 정신 지체, 결절"
874,결절성 다발동맥염(Polyarteritis nodosa),"관절통, 열, 말초 신경장애, 자반증, 피로감, 근육통"
875,결핵성 임파선염(Tuberculous lymphadenitis),"고름, 발한, 피부궤양, 목의 통증, 식욕부진, 목 주변 부종, 피로감, 체중감소, 열"
876,고나트륨혈증(Hypernatremia),"갈증, 빈호흡, 식욕부진, 피부 긴장도 저하, 오심"
877,고마그네슘혈증(Hypermagnesemia),"오심, 저혈압, 호흡곤란, 구토, 근력 약화, 심정지, 부정맥"
878,고산병(Mountain sickness),"수면장애, 어지러움, 구토, 두통, 말초부종, 의식 변화, 식욕부진, 탈수"
879,고칼륨혈증(Hyperkalemia),"구토, 오심, 무증상, 부정맥, 심정지, 설사"
880,고칼슘혈증(Hypercalcemia),"구토, 오심, 의식 변화, 변비, 탈수"
881,고혈압(Essential (primary) hypertension),"두통, 어지러움, 피부 긴장도 저하, 가슴 두근거림"
882,골감소증(Osteopenia),무증상
883,골다공증(Osteoporosis),"신장 감소, 척추 후만, 관절통, 골절"
884,골수염(Osteomyelitis),"피부 긴장도 저하, 열감, 열, 두통, 식욕부진, 권태감, 환부 부종"
885,골수증식종양(Myeloproliferative neoplasm),"멍, 안면홍조, 말초 통증, 출혈 경향성, 소양감, 말초의 허혈, 비장비대, 혈전증, 빈혈"
886,골수형성이상증후군(Myelodysplastic syndromes),"열, 호흡곤란, 빈혈, 출혈 경향성, 잦은 감염, 피로감"
887,골형성부전증(Osteogenesis imperfecta),"멍, 청력장애, 목소리 변화, 얼굴형태의 이상, 발한, 근긴장의 이상"
888,"과숙아, 만기 후 출산아(Post-term infant)","창백, 태아 심박동수 이상"
889,과오종(Hamartoma),암 부위별로 다름
890,광견병(Rabies),"근육강직, 혼수, 두통, 뇌염증상, 뇌전증 발작 , 호흡곤란, 열, 구토"
891,근근막 통증 증후군(myofascial pain syndrome),"압통, 방사통, 근육통"
892,근위축성 측색 경화증(Amyotrophic lateral sclerosis),"언어장애, 삼키기 곤란 , 피부 긴장도 저하, 손, 발 감각 저하, 근력 약화"
893,근육긴장이상증(Dystonia),"근육긴장, 사경, 삼키기 곤란 , 근육경련, 눈꺼풀의 떨림, 근육의 뒤틀림, 근육강직, 언어장애"
894,근육병(Myopathy),"호흡곤란, 종아리 근육의 비대, 척추 측만, 근력 약화, 근위축, 안검하수, 관절 구축, 근육경련, 삼키기 곤란"
895,급성골수성백혈병(Acute myeloid leukemia),"체중감소, 호흡곤란, 피부 긴장도 저하, 창백, 열, 멍, 빈혈, 출혈 경향성, 비출혈"
896,급성림프모구백혈병(Acute lymphoblastic leukemia),"간비대, 잦은 감염, 비출혈, 뼈의 변형, 열, 체중감소, 빈혈, 출혈 경향성, 비장비대, 혈소판감소 , 피로감, 멍"
897,기뇌증(Pneumocephalus),"어지러움, 언어장애, 무증상, 두통, 피로감"
898,기저세포 암종(Basal cell carcinoma),"피부궤양, 반점, 결절"
899,기형종(Teratoma),암 부위별로 다름
900,길랑-바레 증후군(Guillain-Barre Syndrome),"삼키기 곤란 , 배뇨장애, 호흡곤란, 안면마비, 다리 통증, 가슴 두근거림, 복시, 감각 이상"
901,납 중독(Lead Poisoning),"복부 통증, 권태감, 식욕부진, 성격의변화, 구토, 빈혈, 두통, 불면증, 경련, 변비, 복부팽만감"
902,냉방병(Air-conditioningitis),"설사, 권태감, 복부 불편감, 콧물, 코막힘, 재채기, 소화불량"
903,넬슨 증후군(Nelson's syndrome),"시력 감소, 무월경, 다뇨, 두통, 색소 침착"
904,노로바이러스 장염(Norovirus Gastroenteritis),"오한, 열, 복부 통증, 오심, 두통, 근육통, 권태감, 복부 불편감, 구토, 설사"
905,노쇠(Frailty),"하지의 근력약화, 체중감소, 피로감, 어지러움, 식욕부진, 기억장애, 보행이상, 근력 약화"
906,노화(Senility),"이마의 주름, 눈가 및 이마 주름, 코 옆과 입꼬리 주름, 골다공증"
907,뇌하수체 기능 항진(Hyperfunction of pituitary gland),"당뇨, 거인증, 권태감, 얼굴부종, 무월경, 발한, 성조숙증, 고혈압, 말단비대"
908,누난 증후군 (Noonan syndrome),"음낭에 없는 고환,부고환, 정신 지체, 눈 사이가 멀어보임, 눈꺼풀 처짐증, 표준 신장의 3%이하"
909,니만-피크병(Niemann-Pick disease),"경련, 간비대, 근력 약화, 근긴장의 이상, 낮은 지능, 가늘어지는 팔다리, 비장비대"
910,다발골수종(Multiple myeloma),"골다공증, 피로감, 출혈 경향성, 빈혈, 배뇨장애, 창백, 뼈의 통증, 잦은 감염"
911,다발성 경화증(Multiple sclerosis),"배변장애, 운동장애, 안구진탕, 손떨림, 피로감, 성기능 장애, 인지장애, 시신경염, 보행이상, 배뇨장애, 반신마비, 감각 이상, 사지 마비"
912,다운 증후군 (Down syndrome),"심혈관계 증상, 납작한 코, 축 쳐진 귀, 안면 변형"
913,단독(Erysipelas),"열감, 오한, 림프 부종, 발진, 환부 통증"
914,단세포군감마글로불린병증(Monoclonal gammopathy of undetermined significance),"단백뇨, 거품있는 소변, 무증상"
915,단일 제대 동맥(Single Umbilical Artery),"태아, 신생아의 기형, 태아 저체중, 다른 선천성 기형"
916,당뇨병(Diabetes mellitus),"피로감, 다식, 저림, 체중감소, 소양감, 다뇨, 다음, 고혈당, 시야장애"
917,당뇨병성 케톤산증 (Diabetic ketoacidosis),"복부 통증, 의식 저하, 피로감, 구강건조, 다뇨, 구강호흡"
918,대뇌성 거인증 (Sotos syndrome),"얼굴형태의 이상, 난청, 정신 지체"
919,대사 증후군(Metabolic syndrome),복부비만
920,대사성 산증(Metabolic Acidosis),"두통, 권태감, 빈맥, 복부경련, 부정맥"
921,대사성 알칼리증(Metabolic Alkalosis),"장폐색, 부정맥, 뇌전증 발작 , 근육강직, 저림, 지남력 장애, 근력 약화"
922,대상포진 후 신경통(Postzoster neuralgia),환부 통증
923,뎅기열(Dengue fever),"식욕부진, 열, 근육통, 관절통, 반점, 발진, 두통"
924,독성 쇼크 증후군(Toxic shock syndrome),"열, 구토, 발진, 불안, 두통, 설사"
925,돌발성 발진(Exanthem subitum),"식욕부진, 보챔, 발진, 반점"
926,동맥류(Other aneurysm),쇼크
927,동맥색전증 및 혈전증(Arterial embolism and thrombosis),"저림, 괴사, 말초 통증, 말초의 허혈"
928,듀시엔형 근이영양증 (Duchenne muscular dystrophy),운동장애
929,라싸열(Lassa fever ),"근육통, 가슴 통증, 구토, 얼굴부종, 결막염, 뇌염증상, 열, 청력장애, 단백뇨"
930,라이 증후군(Reye syndrome),"기민상태, 흥분, 환각, 혼수, 구토"
931,랑거한스세포 조직구증식증(Langerhans cell histiocytosis),"복수, 발진, 설사, 황달, 열"
932,러셀 실버 증후군 (Russell-Silver syndrome),"얼굴형태의 이상, 근긴장의 이상, 저혈당, 4,5번째 손가락 굽음, 저체중"
933,레트 증후군 (Rett syndrome),"상동적 행동, 인지장애, 운동장애, 정신 지체"
934,렙토스피라증(Leptospirosis),"근육통, 오한, 열, 신부전, 수막자극증상, 두통, 안구내 출혈, 황달, 간부전"
935,로하드 증후군(ROHHAD Syndrome),"서맥, 호흡곤란, 체중증가, 저체온, 변비, 열, 사시, 악성종양발생, 발한, 사춘기 지연, 식욕증가, 경련, 설사, 수면 무호흡"
936,루빈스타인 테이비 증후군 (Rubinstein-Taybi syndrome),"코의 기형 동반, 정신 지체, 인지장애, 얼굴형태의 이상, 언어장애, 손가락의 변형"
937,리스테리아(Listeria),"구토, 설사, 열, 근육통, 두통"
938,린치 증후군(Lynch Syndrome),"악성종양발생, 덩어리가 만져짐"
939,림프종(Lymphoma),"암 부위별로 다름, 덩어리가 만져짐"
940,마버그열(Marburg hemorrhagic fever),"기침, 열, 오한, 권태감, 두통, 근육통"
941,만성 피로 증후군(Chronic Fatigue Syndrome),"전신 통증, 식욕부진, 권태감, 기억장애, 피로감, 수면장애"
942,만성골수백혈병(Chronic myeloid leukemia),"비장비대, 잦은 감염, 출혈 경향성, 발한, 간비대, 식욕부진, 체중감소, 피부 긴장도 저하"
943,만성림프구백혈병(Chronic lymphocytic leukemia),"간비대, 출혈 경향성, 비장비대, 기운없음, 경부 림프절병증, 피부 긴장도 저하, 체중감소, 빈혈"
944,말라리아(Malaria),"식욕부진, 오한, 열, 두통"
945,메리오이드증(Melioidosis),"사망, 오한, 두통, 권태감, 근육통, 호흡곤란, 기침, 객혈, 열"
946,면역결핍증(Immunodeficiency disease),"열, 피부염증, 설사, 림프절 농양, 경부 림프절병증, 항문주위 염증"
947,면역혈소판감소증(Immune thrombocytopenia),"출혈 경향성, 뇌출혈, 점상 출혈, 위장관 출혈"
948,모세혈관 확장성 운동실조 증후군 (Ataxia-telangiectasia syndrome),"삼키기 곤란 , 당뇨, 눈의 충혈, 정신 지체, 잦은 감염, 악성종양발생, 발음 이상, 보행이상"
949,묘성 증후군(Cri du Chat syndrome),"다른 선천성 기형, 정신 지체"
950,미세혈관병용혈빈혈(Microangiopathic hemolytic anemia),"단백뇨, 빈혈, 혈뇨, 두통, 자반증, 열"
951,바르덴부르크 증후군(Waardenburg syndrome),"청력장애, 눈 사이가 멀어보임, 다른 선천성 기형, 모발 탈색"
952,반코마이신 내성 장알균(VRE) 감염증(Vancomycin-Resistant Enterococci),"저혈압, 열, 오한"
953,반코마이신 내성 황색포도알균(VRSA) 감염증(Vancomycin-Resistant Staphylococcus aureus),"열, 저혈압, 오한"
954,발작(Seizure),"격동적 움직임, 실신"
955,발작성야간혈색뇨(Paroxysmal nocturnal hemoglobinuria),"멍, 황달, 비장비대, 창백, 피로감, 간비대, 정맥혈전, 출혈 경향성, 빈혈"
956,발진열(Murine typhus),"기침, 열, 오한, 두통, 근육통, 권태감"
957,방선균증(Actinomycosis),"열감, 발한, 두통, 환부 통증, 체중감소, 기침, 열"
958,백혈병(Leukemia),"잦은 감염, 간비대, 구토, 빈혈, 출혈 경향성, 피로감, 체중감소, 뼈의 통증, 피부 긴장도 저하, 열, 비장비대, 오심"
959,버킷 림프종(Burkitt Tumor),"복부 통증, 빈혈, 덩어리가 만져짐"
960,벌에 쏘였을 때(Bee bite),"발진, 환부 통증, 피부소양감, 환부 부종"
961,범혈구감소증(Pancytopenia),"열, 창백, 가슴 두근거림, 피로감, 점상 출혈, 비출혈, 반상출혈, 두통"
962,베게너 육아종증(Wegener granulomatosis),"관절염, 근육통"
963,베스트 난황형 황반부 이영양증 (Best vitelliform macular dystrophy),"사물이 찌그러져 보임, 중심시력감소, 시야장애"
964,베체트 병(Behcet's disease),"생식기 궤양, 혈전증, 구강궤양, 눈의 통증, 발진, 눈부심, 무릎 부위 통증, 피부염증, 시력 감소"
965,베커형 근이영양증(Becker muscular dystrophy),"근력 약화, 근위축, 하지의 근력약화"
966,베크위트-위드만 증후군(Beckwith-Wiedemann syndrome),"저혈당, 비장비대, 간비대, 발육부전, 탈장, 귀 모양의 변형"
967,보툴리눔독소증(Botulism),"요정체, 장폐색, 신경 마비, 근육마비, 삼키기 곤란 , 안검하수, 호흡곤란, 복시, 시야장애"
968,복합 부위 통증 증후군(Complex regional pain syndrome),"환부 부종, 환부 통증, 근력 약화, 관절 운동성 감소, 우울, 작열감, 근육경련"
969,본히펠린다우 증후군 (Von Hippel-Lindau syndrome),"악성종양발생, 두통, 어지러움, 고혈압"
970,봉와직염(Cellulitis),"관절염, 압통, 열, 식욕부진, 근육통, 괴사, 열감, 두통, 오한, 물집, 반점"
971,부신백질이영양증(Adrenoleukodystrophy),"실명, 시력 감소, 삼키기 곤란 , 청력장애, 실행증, 시야장애"
972,브루셀라증(Brucellosis),"두통, 우울, 환부 통증, 오한, 피로감, 체중감소, 열"
973,비브리오 패혈증(Vibrio vulnificus Septicemia),"물집, 기운없음, 오한, 열, 저혈압, 설사, 환부 부종, 반상출혈, 괴사, 복부 통증"
974,비호지킨 림프종(Non-Hodgkin lymphoma),"체중감소, 덩어리가 만져짐, 발한, 피로감, 피부소양감, 열"
975,사이트린 결핍(Citrin deficiency),"섬망, 피로감, 식욕부진, 감각 과민, 지남력 장애, 간성뇌증, 창백"
976,산욕열(Puerperal fever),"오한, 열, 생식기 통증, 배뇨 시 통증, 복부 통증"
977,산필리포 증후군(Sanfilippo Syndrome),"정신 지체, 정서 및 행동의 일탈, 간비대, 비장비대"
978,샤가스병(Chagas disease),"부정맥, 눈 주변 부종, 열"
979,선천성 기형(Congenital malformation),"발육부전, 수유 곤란"
980,선천성 부신과다 형성증(Congenital adrenal hyperplasia),"탈수, 음핵비대, 저혈압, 체중감소, 남성스러운 목소리"
981,섬유근육통(Fibromyalgia),"어깨의 통증, 근육통, 변비, 저림, 수면장애, 목의 통증, 복부 불편감, 복부 통증, 설사, 편두통, 전신 통증, 피로감, 요통"
982,성인형 스틸병(Adult-Onset Stills disease),"반점, 근육통, 열, 발진, 관절통"
983,소적혈구빈혈(Microcytic anemia),"비장비대, 스푼형 손톱, 창백, 호흡곤란, 가슴 통증, 식욕부진, 간비대, 두통, 어지러움, 피로감"
984,쇼그렌 증후군(Sicca syndrome (Sjogren)),"피부 건조, 피로감, 구강건조, 입 주변 부종, 근력 약화, 혼돈, 기억장애, 관절염, 안구건조, 경련, 사지 마비, 질의 건조함"
985,수두(Varicella (chickenpox)),"두통, 발한, 물집, 근육통, 발진, 식욕부진, 피부소양감, 열"
986,"수족구병(Hand, foot and mouth disease)","피부소양감, 발진, 두통, 환부 통증, 열, 물집"
987,순수적혈구무형성(Pure red cell aplasia),"운동 시 호흡곤란, 창백, 호흡곤란, 피로감, 빈혈, 두통, 어지러움, 신경과민, 구강궤양, 식욕부진"
988,슈도모나스 감염(Pseudomonas infection),"발진, 피부염증, 열, 환부 통증"
989,"스미스-마제니스 증후군 (Smith-Magenis syndrome, SMS)","수면장애, 상동적 행동, 얼굴형태의 이상, 근긴장의 이상, 인지장애, 위험한 행동 반복"
990,스티클러 증후군(Stickler syndrome),"척추 후만, 시력 감소, 입술, 입천장의 기형, 청력장애, 척추 측만, 근시, 얼굴형태의 이상, 망막 이상"
991,스파르가눔증(Sparganosis),"피부염증, 환부 통증, 뇌전증 발작"
992,스핑고 지질증(Other sphingolipidosis),"눈운동신경마비, 학습장애, 경련, 손, 발 감각 저하, 실행증"
993,슬라이 증후군(Sly Syndrome),"각막 이상, 새가슴, 비장비대, 간비대, 얼굴형태의 이상, 척추 후만"
994,시트룰닌혈증(Citrullinemia),"구토, 보챔, 의식 저하, 식욕부진"
995,신경섬유종(Neurofibromatosis),"갈색 피부 반점, 시력 감소, 척추 측만"
996,신경절 신경종(Ganglioneuroma),"고혈압, 호흡곤란, 설사, 무증상, 흉부압박감, 발한, 근력 약화"
997,신경초종(Schwannoma),"하지 마비, 청력장애, 괄약근 기능 이상, 이명, 안면마비, 삼키기 곤란 , 운동장애"
998,신생아 경련(Convulsions of newborn),"눈꺼풀의 떨림, 불규칙호흡, 무호흡, 근육긴장"
999,신생아 다혈구증(Polycythemia),"무호흡, 청색증, 경련, 기민상태, 안면홍조, 호흡곤란, 빈뇨, 혈소판감소 , 빈맥, 저혈당, 심부전"
1000,신생아 황달(Neonatal jaundice),"황달, 놀람반사의 약화"
1001,심부정맥 색전증(Deep vein thrombosis),"환부 부종, 환부 통증, 말초의 허혈, 피부궤양, 청색증"
1002,심장신경성 실신(Neurocardiogenic syncope),"서맥, 자율신경장애, 의식 변화"
1003,아나필락시스(Anaphylactic shock),"빈맥, 의식 불명, 기침, 호흡곤란, 저혈압, 발진, 저림, 피부소양감, 가슴 통증, 구토"
1004,아밀로이드증(Amyloidosis),"비장비대, 무감각, 피로감, 호흡곤란, 체중감소, 부정맥, 설사, 변비, 출혈 경향성, 감각 이상, 관절통, 신부전, 발진, 심부전, 위장관 출혈, 간비대, 삼키기 곤란 , 치매, 기억장애, 무증상"
1005,악성 고열증(Malignant hyperthermia),"열, 빈호흡, 근육강직, 부정맥, 대사성 산증"
1006,악액질(Cachexia),"식욕부진, 권태감, 운동장애, 체중감소, 빈혈"
1007,안드로겐 불감성 증후군 (Androgen insensitivity syndrome(AIS)),"무월경, 외부 생식기가 모호함, 음낭에 없는 고환,부고환, 남성의 여성형 유방"
1008,압궤 손상(Crushing injury),"환부 부종, 손상 부위 출혈, 마비, 환부 통증"
1009,야토병(Tularemia),"근육통, 열, 두통, 오한, 권태감, 기침"
1010,약물 알레르기(Drug allergy),"두드러기, 오심, 발진, 설사, 근육통, 구토, 아나필락시스, 열, 림프 부종, 관절통"
1011,에드워드 증후군 (Edwards syndrome),"안면 변형, 탈장, 정신 지체"
1012,에볼라 출혈열(Ebola hemorrhagic fever),"열, 눈의 충혈, 점상 출혈, 가슴 통증, 근육통, 피로감, 발진"
1013,에이퍼트 증후군 (Apert syndrome),"사시, 입술, 입천장의 기형, 정신 지체, 합지증, 눈 사이가 멀어보임"
1014,엔젤만 증후군(Angelman syndrome),"정신 지체, 근긴장의 이상, 발육부전"
1015,엘러스-단로스 증후군 (Ehlers-Danlos syndrome),"멍, 관절 불안정증"
1016,연골무형성증(Achondroplasia),"발육부전, 척추 후만, 척추 측만, O자 다리"
1017,연부조직 육종(Soft tissue sarcoma),"덩어리가 만져짐, 무증상"
1018,연부조직 전이(Soft tissue metastatic),"종양부위 부종, 암 부위별로 다름"
1019,열 피로(heat exhaustion),"권태감, 어지러움, 탈수, 차갑고 축축한 피부"
1020,열사병(Heat stroke),"피부 건조, 피부홍조, 저혈압, 호흡곤란, 의식 변화"
1021,영아 돌연사 증후군(Sudden Infant Death Syndrome),돌연사
1022,영아 산통(Infantile Colic),"보챔, 발작적인 울음"
1023,용혈빈혈(Hemolytic anemia),"담석, 창백, 비장비대, 운동 시 호흡곤란, 황달, 피로감, 빈혈, 어지러움, 피부궤양"
1024,용혈성 요독 증후군(Hemolytic Uremic Syndrome),"멍, 빈혈, 열, 황달, 혈뇨, 신부전, 전신 부종, 간비대, 복부 통증, 자반증, 설사, 고혈압, 혈변, 구토, 복수"
1025,원발부위 불명암(Cancer of Unknown Primary Site),"흉수, 뼈의 통증, 복수, 림프 부종"
1026,원인을 알 수 없는 열(Fever of unknown origin),"오한, 열, 오심, 근육통, 구토, 발진"
1027,원충성 질환(PROTOZOAL DISEASES),"발진, 복부 통증, 림프 부종, 낮 시간대의 졸음, 두통, 설사"
1028,웨스트나일열(West Nile Fever),"발진, 권태감, 근육통, 두통, 열"
1029,윌리암스 증후군 (Williams syndrome),"발육부전, 심혈관계 증상, 부정교합, 저체중, 얼굴형태의 이상, 탈장, 학습장애"
1030,유전구형적혈구증(Hereditary spherocytosis),"간비대, 빈혈, 황달, 비장비대"
1031,육종(Sarcoma),"뼈의 통증, 뼈의 변형, 사지 부종, 관절 운동성 감소, 덩어리가 만져짐"
1032,음식 알레르기(Food allergy),"소양감, 두드러기, 가슴 답답, 설사, 호흡곤란, 의식 저하, 어지러움, 입 주변 부종, 오심, 콧물, 복부 통증, 숨막히는 느낌, 구토, 빈맥, 눈물흘림"
1033,응고 장애(Disorders of coagulation),"빈혈, 출혈 경향성"
1034,이상지질혈증(Dyslipidemia),무증상
1035,이소성 골화증(Heterotopic Ossification),"환부 통증, 관절 운동성 감소, 환부 부종, 열감"
1036,이식편대숙주질환(Graft-versus-host reaction or disease(GVHD)),"면역기능 이상, 구토, 황달, 복부 통증, 설사, 발진"
1037,익수(Submersion),"구토, 의식 변화, 무산소 발작, 기침, 부정맥, 저체온"
1038,인슐린 비의존성 당뇨병(Non-insulin dependent diabetes mellitus),"다뇨, 침침함, 갈증, 소양감, 고혈당, 다식, 다음, 저림"
1039,인슐린 의존성 당뇨병(Insulin-dependent diabetes mellitus),"식욕부진, 피로감, 체중감소, 복부 통증, 다뇨, 다음, 구토, 고혈당, 다식"
1040,일산화탄소 중독(Carbon monoxide-poisoning),"구토, 어지러움, 오심, 의식 저하, 호흡곤란"
1041,임신성 당뇨병(Gestational diabetes),"무증상, 피부 긴장도 저하, 기운없음, 고혈당"
1042,임파선염(Lymphadenitis),"환부 통증, 환부 부종, 열, 열감, 고름, 피부궤양, 발적"
1043,자가면역 질환(autoimmune diseasse),"체중감소, 체중증가, 감각 이상, 소화불량, 기억장애, 우울, 식욕부진, 체모감소, 열, 피로감, 식욕증가"
1044,자가면역용혈질환(Autoimmune hemolytic disease),"비장비대, 간비대, 복부 통증, 기운없음, 열, 황달, 창백, 식욕부진, 보챔, 진한 소변색"
1045,잠수병(Diver's disease),"무감각, 관절통, 피부 긴장도 저하, 어지러움, 저림, 가슴 통증"
1046,재생불량빈혈(Aplastic anemia),"구강궤양, 반복되는 폐렴, 호흡곤란, 피부 긴장도 저하, 창백, 생식기 출혈, 출혈 경향성, 열, 빈혈, 멍, 어지러움, 운동 시 호흡곤란, 점상 출혈, 잦은 상기도 감염"
1047,저나트륨혈증(Hyponatremia),"뇌전증 발작 , 오심, 흥분, 두통, 의식 변화, 구토"
1048,저마그네슘혈증(Hypomagnesemia),"의식 변화, 어지러움, 근육강직, 근육경련, 안구진탕, 심실 부정맥"
1049,저신장(Short stature),표준 신장의 3%이하
1050,저체온증(Hypothermia),"근육강직, 과호흡, 건망증, 빈맥, 피로감, 사망, 의식 저하"
1051,저칼륨혈증(Hypokalemia),"저혈압, 피부 긴장도 저하, 마비, 부정맥, 근육통"
1052,저칼슘혈증(Hypocalcemia),"근육경련, 심정지, 무호흡, 감각 이상"
1053,저혈당증(Hypoglycemia),"공복감, 피로감, 의식 저하, 가슴 두근거림, 창백, 손떨림, 온몸이 떨림, 기운없음, 쇼크, 발한, 흥분, 어지러움, 경련, 불안, 두통"
1054,전신 경화증(Systemic Sclerosis),"레이노이드 현상, 소화불량, 관절염, 주먹을 쥐기 힘듬, 피부경화"
1055,전신 홍반성 낭창(Systemic lupus erythematosus),"열, 관절통, 피로감, 두통, 체중감소, 구강궤양, 관절염, 얼굴의 나비모양 홍반, 우울, 발진, 광과민성"
1056,전이 암(Metastatic cancer),"종양부위 부종, 덩어리가 만져짐, 환부 통증"
1057,점액낭염(Bursitis),"열, 관절 운동성 감소, 환부 통증, 환부 부종"
1058,점액수종 혼수(Myxoedema coma),"전신 부종, 저체온, 기억장애, 권태감, 의식 저하, 서맥, 저혈압"
1059,조로증(progeria),"체모감소, 모발 탈색, 얼굴모양변화, 발육부전"
1060,조류 인플루엔자(AI) 인체감염증(Avian Influenza Human Infection),"목의 통증, 열, 근육통, 기침, 오한"
1061,조혈모세포 이식(Stem cell transplantation),무증상
1062,중증 근무력증(Myasthenia gravis),"복시, 안검하수, 근력 약화, 삼키기 곤란 , 발음 이상"
1063,중증 열성 혈소판감소 증후군(Severe fever with thrombocytopenia syndrome(SFTS)),"혈소판감소 , 설사, 두통, 복부 통증, 식욕부진, 열, 피로감, 구토"
1064,"증상이 없는 HIV 감염(HIV infection, asymptomatic)",무증상
1065,지방종(Lipoma),"환부 통증, 덩어리가 만져짐, 무증상"
1066,지중해빈혈(Thalassemia),"황달, 운동 시 호흡곤란, 무증상, 비장비대, 얼굴모양변화, 호흡곤란, 정신 혼미, 식욕부진, 간비대, 창백"
1067,지카 바이러스 감염증(Zikavirus Infection),"눈의 충혈, 발진, 열, 관절통"
1068,차지 증후군(CHARGE Syndrome),"호흡곤란, 사춘기 지연, 난청, 삼키기 곤란"
1069,척수구근 근위축증 (Spinobulbar muscular atrophy),"남성의 여성형 유방, 근긴장의 이상, 삼키기 곤란 , 고환 위축, 손떨림"
1070,천포창(Pemphigus),"인설, 미란, 물집, 딱지"
1071,철결핍빈혈(Iron deficiency anemia),"피부 긴장도 저하, 창백, 스푼형 손톱, 빈혈, 빈맥, 심부전, 구각염, 어지러움, 설염, 호흡곤란"
1072,춘곤증(spring fatigue),"식욕부진, 피로감, 어지러움, 불면증, 기운없음, 낮 시간대의 졸음, 소화불량, 저림, 두통"
1073,치쿤구니야열(Chikungunya Fever),"열, 권태감, 오한, 발진, 근육통"
1074,카르니틴 팔미토일 전환효소 결핍증 2형(Carnitine Palmitoyltransferase II Deficiency),"저혈당, 근육강직, 간부전, 근육통"
1075,카르시노이드 증후군(Carcinoid syndrome),"성욕감퇴, 청색증, 발진, 발기부전, 안면홍조, 천식, 설사, 복부 통증, 열, 말단비대"
1076,캄필로박터 감염증(Campylobacteriosis),"두통, 설사, 근육통, 열, 혈변, 복부 통증"
1077,캐슬만병(Castlemans disease),"열, 무증상, 빈혈, 림프 부종, 단백뇨, 권태감, 전신 부종"
1078,코넬리아드랑게 증후군 (Cornelia de Lange syndrome),"다모증, 정신 지체"
1079,코로나-19(COVID-19),"피로감, 호흡곤란, 기침, 가래, 근육통, 열, 두통, 목의 통증"
1080,쿠싱 증후군(Cushing's syndrome),"가늘어지는 팔다리, 근력 약화, 우울, 성기능 장애, 온몸의 잔털, 여드름, 골다공증, 복부비만, 목 뒷부분의 지방축적, 고혈압, 붉고 얇은 피부, 달모양의 둥근 얼굴"
1081,큐열(Q Fever),"기침, 권태감, 두통, 근육통, 오한, 열, 간비대, 목의 통증, 구토, 설사, 발진"
1082,크루존 증후군(Crouzon syndrome),"정신 지체, 안면 변형, 안구돌출"
1083,터너 증후군 (Turner syndrome),"얼굴형태의 이상, 중이염소견, 림프 부종, 표준 신장의 3%이하, 고혈압, 당뇨, 골다공증"
1084,털진드기병(Scrub typhus),"경부 림프절병증, 온몸이 떨림, 딱지, 물집, 발진, 오한, 열, 두통"
1085,테이-삭스병 (Tay-Sachs disease),"운동장애, 뇌전증 발작 , 청각과민, 떨림(진전), 근긴장의 이상"
1086,톡소플라즈마증(Toxoplasmosis),"객혈, 호흡곤란, 눈의 통증, 기침, 눈부심"
1087,트리처 콜린스 증후군 (Treacher-Collins syndrome),"난청, 다른 선천성 기형, 얼굴형태의 이상"
1088,파브리병(Fabry disease),"검붉은 색 피부 , 심혈관계 증상, 각막 이상, 감각 이상, 복부 통증, 말초 통증"
1089,파상풍(Tetanus),"후궁반장, 근육강직, 두통, 구토, 비웃는 듯한 표정, 호흡곤란, 오심, 삼키기 곤란"
1090,파이퍼 증후군 (Pfeiffer syndrome),"안구돌출, 청력장애, 정신 지체, 손가락의 변형, 눈 사이가 멀어보임, 언어장애, 얼굴형태의 이상"
1091,파종혈관내응고(Diffuse or disseminated intravascular coagulation),"의식 저하, 출혈 경향성, 점상 출혈, 청색증, 경련, 빈뇨, 저혈량 쇼크, 호흡곤란, 복부 통증, 무뇨"
1092,파타우 증후군(Patau syndrome),"심혈관계 증상, 얼굴형태의 이상, 입술, 입천장의 기형, 정신 지체, 다지증"
1093,패혈성 관절염(Septic arthtritis),"관절통, 열감, 열, 관절 운동성 감소, 환부 부종, 오한, 관절염"
1094,패혈증(Sepsis),"열, 빈호흡, 의식 저하, 소변량 감소, 저혈압, 빈맥, 오한, 심부전"
1095,페닐케톤뇨증(Phenylketonuria),"습진, 경련, 구토, 정신 지체"
1096,폐경기 및 여성의 갱년기 상태(Menopausal and female climacteric states),"성욕감퇴, 가슴 두근거림, 수면장애, 피부 긴장도 저하, 불안, 안면홍조, 우울, 골다공증, 발한"
1097,폐소공포증(Claustrophobia),"불안, 좁은 공간에서의 불안감"
1098,포도상구균 감염(Staphylococcus aureus infection),"발진, 열, 환부 통증"
1099,포르피린증(Porphyria),"창백, 오심, 빈혈, 잇몸 위축, 광과민성, 구토"
1100,폰빌레브란트병(Von Willebrand disease),"출혈 경향성, 비출혈, 월경과다, 점상 출혈"
1101,폼페병(Pompe disease),"심근손상, 호흡곤란, 근력 약화"
1102,표피낭종(Epidermal cyst),"압통, 덩어리가 만져짐, 발적, 노란 이물질"
1103,풍진(Rubella(German measles)),"권태감, 두통, 열, 눈의 충혈, 림프 부종, 발진"
1104,프라더 윌리 증후군 (Prader-Willi syndrome),"복부비만, 식욕증가, 근긴장의 이상, 정신 지체"
1105,프로피온산증(Propionic acidemia),"식욕부진, 산혈증, 출혈 경향성, 점상 출혈, 수유 곤란, 구토, 탈수"
1106,피부근육염(Dermatopolymyositis),"환부 부종, 호흡곤란, 발진, 열, 삼키기 곤란 , 관절통, 피부궤양, 피부색 변화, 근력 약화"
1107,피부의 양성 종양(Benign skin tumor),"낭종, 갈색 피부 반점"
1108,한랭글로불린혈증(Cryoglobulinemia),"레이노이드 현상, 무증상, 말초 통증, 관절염, 청색증, 말초 신경장애, 자반증, 피부궤양, 피부색 변화, 환부 통증"
1109,한센병(Leprosy),"눈물흘림, 발진, 안구혼탁, 결절, 피부염증"
1110,항인지질 항체 증후군(Antiphospholipid antibody syndrome),"혈소판감소 , 습관성 유산, 심부정맥혈전증"
1111,헌팅톤 병(Huntington disease),"무도증, 자세 불안정, 우울"
1112,헤노호 쉰라인 자반증(Henoch-Schonlein purpura),"혈변, 자반증, 복부 통증, 열, 멍, 몸살, 피부소양감"
1113,혈관부종(Angioedema),"호흡곤란, 사지 부종, 입 주변 부종, 눈 주변 부종, 얼굴부종, 복부경련, 목 주변 부종"
1114,혈관염(Vasculitis),"복부 통증, 열, 반점, 혈뇨, 위장관 출혈, 몸살, 관절통, 반상출혈, 흑색변, 점상 출혈"
1115,혈소판 이상(Disorders of the platelets),"점상 출혈, 반상출혈, 출혈 경향성, 폐색전"
1116,호산구 증가증(Eosinophilia),"체중감소, 전신 부종, 피부소양감, 열, 피로감, 기침"
1117,호중구감소증(Neutropenia),"잦은 감염, 오한, 설사, 구내염, 온몸이 떨림, 발적, 열, 작열감"
1118,호지킨 림프종(Hodgkin lymphoma),"발한, 경부 림프절병증, 피부 긴장도 저하, 체중감소, 피부소양감"
1119,호흡성 알칼리증(Respiratory Alkalosis),"부정맥, 빈호흡, 경직, 어지러움, 실신"
1120,홍역(Measles),"열, 기침, 림프 부종, 식욕부진, 피부소양감, 콧물, 코플릭 반점"
1121,화상(Burn),"의식 변화, 발적, 환부 통증, 호흡곤란, 물집, 감각 이상"
1122,화염상 모반(Nevus flammeus),반점
1123,황열(Yellow fever),"구토, 근육통, 서맥, 복부 통증, 열, 무증상, 황달"
1124,횡문근융해증(Rhabdomyolysis),"근육통, 근력 약화, 경직"
1125,후천성 면역결핍증(Acquired immunodeficiency syndrome),"악성종양발생, 발진, 림프 부종, 구토"
1126,흉터(Scar),"검붉은 색 피부 , 피부소양감, 상처가 넓어짐     , 상처보다 넓게 자람, 울퉁불퉁한 상처"
1127,흑사병(Yersinia Pestis),"호흡곤란, 가슴 통증, 객혈, 열, 반점, 기침, 점상 출혈"
1128,흡수장애 증후군(Malabsorption Syndrome),"체중감소, 설사, 복부팽만감"
1129,만성 부비동염(Chronic rhinosinusitis),"안면통, 권태감, 화농성 비루, 후비루, 코막힘, 후각 감소"
1130,부비동염(Sinusitis),"보챔, 코막힘, 두통, 눈 주변 부종, 목의 통증, 권태감, 환부 통증, 축 늘어짐, 기침, 오심, 열, 후각장애, 구토, 콧물"
1131,비 변형(Nose deformity),코가 삐뚤어짐
1132,비부비동 종양(Sinonasal Tumor),"후각장애, 비출혈, 코막힘"
1133,비중격 만곡(Nasal septal deviation),"목의 이물감, 환부 통증, 기억장애, 구강호흡, 코골이, 코막힘, 산만함, 수면장애"
1134,비출혈(Epistaxis),비출혈
1135,"후각장애, 미각장애(Anosmia, Hyposmia)",후각장애
1136,관절와순 파열(Labral tear),"어깨 잡음, 어깨의 통증, 어깨 움직임의 제한"
1137,내상과염(Golf Elbow),"팔의 통증, 관절의 경직"
1138,동결견(Frozen shoulder),"어깨 움직임의 제한, 어깨의 통증"
1139,동정맥루 기능부전(AVF malfuction),"동정맥루 잡음 약화, 환부 부종, 열감, 발적"
1140,석회성 건염(Calcific Tendinitis),"어깨 움직임의 제한, 어깨의 통증, 압통, 팔의 통증"
1141,재발성 견관절 전방 탈구(Recurrent Anterior Glenohumeral Dislocation),"관절 운동성 감소, 어깨의 통증, 팔의 길이가 달라짐, 환부 부종"
1142,주관절 외상과염(Tennis Elbow),팔의 통증
1143,취한증(Osmidrosis),"겨드랑이 악취 , 옷 액와 부분 변색"
1144,팔죽지 골절(Humerus fracture),"근육강직, 손상부위 촉각 소실, 뼈의 변형, 손상 부위 통증, 손상 부위 출혈"
1145,회전근개 증후군(Rotator cuff syndrome),"어깨 잡음, 어깨근육 약화, 어깨의 통증, 마찰음 , 어깨 움직임의 제한"
1146,간찰성 홍반(Erythema intertrigo),"소양감, 물집, 딱지, 발적, 발진"
1147,건선(Psoriasis),"인설, 고름, 발진"
1148,광선 각화증(Actinic Keratosis),"뿔 모양의 병변, 적색의 각질화된 피부"
1149,기미(Melasma),반점
1150,기저귀 피부염(Diaper (napkin) dermatitis),"피부소양감, 발진, 물집"
1151,농가진(Impetigo),"설사, 딱지, 물집, 장액성 분비물, 고름"
1152,다모증(Excessive hair growth),촘촘하게 난 털
1153,대상포진(Herpes zoster),"발진, 환부 통증, 딱지, 두통"
1154,동상(Frostbite),"청색증, 무감각, 피부소양감, 물집, 창백"
1155,동전모양 습진(Nummular Eczema),"환부 부종, 물집, 소양감"
1156,두드러기(Urticaria),"두드러기, 발진, 피부소양감"
1157,딸기코(Rosacea),"피부염증, 코의 모공이 커짐"
1158,땀띠(Miliaria),"물집, 발진"
1159,만성 단순 태선(Lichen simplex chronicus),"발적, 붉은 색소 침착, 피부소양감"
1160,만성 두드러기(Chronic urticaria),"피부소양감, 발적, 환부 통증, 발진"
1161,모공성 각화증(Keratosis pilaris),닭살
1162,모낭염(Folliculitis),"체모감소, 면포, 고름, 발적, 환부 통증, 여드름, 열, 오한"
1163,모반(Nevus),"털이 동반되기도 함, 반점"
1164,무모증(Atrichia pubis),음모가 적거나 없음
1165,백반증(Vitiligo),"하얀 반점, 모발 탈색"
1166,비듬(Dandruff),"피부소양감, 두피 건조, 피부 각질"
1167,비립종(Milium),"눈,뺨 주위 작은 낭종"
1168,사마귀(Wart),"결절, 사마귀 위 털이 많음, 검은 점"
1169,사타구니 백선(Tinea cruris),"색소 침착, 소양감, 적색의 각질화된 피부"
1170,상피내 신생물(IN SITU NEOPLASMS),"피부소양감, 색소 침착, 피부궤양"
1171,색소 세포성 모반(Melanocytic nevus),"검은 점, 갈색 피부 반점"
1172,습진(Eczema),"물집, 피부소양감, 발적"
1173,아토피성 피부염(Atopic dermatitis),"물집, 피부 건조, 발진, 피부소양감, 환부의 분비물, 태선화, 습진"
1174,악성 흑색종(Malignant melanoma),점 안에 다른 색 피부
1175,안면 홍조증(Hot flush),"피로감, 불안"
1176,약물 발진(Drug Eruption),발진
1177,어루러기(Pityriasis versicolor),"하얀 반점, 인설, 피부 각질, 소양감, 갈색 피부 반점, 발적"
1178,어린선(Ichthyosis),"피부 각질, 피부소양감, 피부 건조, 피부가 두꺼워짐"
1179,여드름(Acne),"결절, 면포, 낭종, 고름"
1180,오타 모반(Ota like Melanosis),"반점, 얼굴 한쪽의 반점"
1181,옴(Scabies),"습진, 피부소양감"
1182,옻 중독(Poison ivy dermatitis),"물집, 장액성 분비물, 어지러움, 발진, 오심, 구토, 피부소양감"
1183,접촉 피부염(Contact dermatitis),"물집, 피부소양감, 발적, 피부 각질, 환부 부종, 체모감소, 피부 건조"
1184,"주근깨(Freckle,Ephelis)",미세반점의 군집
1185,쥐젖(Soft fibroma),갈색 피부 반점
1186,카포시 육종(Kaposi's sarcoma),"기침, 갈색 피부 반점, 림프 부종, 호흡곤란"
1187,켈로이드(Keloid),"분홍색의 반흔, 상처보다 넓게 자람, 울퉁불퉁한 상처 , 불규칙한 반흔"
1188,콜린성 두드러기(Cholinergic urticaria),"피부소양감, 발진, 발한"
1189,탈락 피부염(Exfoliative dermatitis),"빈맥, 저심박출량, 열, 인설, 환부 부종, 발적, 빈혈, 남성의 여성형 유방"
1190,태열(),"두드러기, 피부 건조, 피부소양감, 딱지, 물집"
1191,피부 농양(Cutaneous abscess),"고름, 발적, 림프절 농양, 환부 통증, 환부 부종"
1192,피부건조증(Xerosis cutis),"피부균열, 피부소양감, 피부 각질"
1193,피부섬유육종(Dermatofibrosarcoma ),"갈색 피부 반점, 결절"
1194,피부암(Skin cancer),"피부궤양, 색소 침착, 결절, 갈색 피부 반점, 점 안에 다른 색 피부, 딱지, 환부 통증"
1195,피부염(Dermatitis),"발진, 물집, 피부 건조"
1196,한관종(Syringoma),"덩어리가 만져짐, 눈,뺨 주위 작은 낭종"
1197,한랭 두드러기(Cold urticaria),"발적, 환부 부종, 두드러기, 피부소양감"
1198,한선염(Hidradenitis suppurativa),"면포, 압통, 장액성 분비물, 결절, 고름"
